cik,ticker,company,sic,sic_description,group,reference_note,fiscal_year,period_end,revenue,cost_of_revenue,gross_profit,sga,rnd,operating_expenses,costs_and_expenses,operating_income,net_income,depreciation,cfo,accounts_receivable,inventory,current_assets,total_assets,ppe_net,current_liabilities,total_liabilities,long_term_debt,equity,cash,deferred_revenue,revenue_yoy_growth,gross_margin,operating_margin,net_margin,total_expense_to_revenue,dso,beneish_dsri,beneish_gmi,beneish_aqi,beneish_sgi,beneish_depi,beneish_sgai,beneish_lvgi,beneish_tata,beneish_m_score,beneish_flag,n_items_restated
320193,AAPL,Apple Inc.,3571,Electronic Computers,control,,2014,2014-09-27,182795000000.0,112258000000.0,70537000000.0,11993000000.0,6041000000.0,18034000000.0,,52503000000.0,39510000000.0,6900000000.0,59713000000.0,17460000000.0,2111000000.0,68531000000.0,231839000000.0,20624000000.0,63448000000.0,120292000000.0,28987000000.0,111547000000.0,13844000000.0,8491000000.0,0.06953952372593752,0.3858803577778386,0.28722339232473537,0.21614376760852322,0.7127766076752646,34.8636450668782,1.245976370517552,0.9750296941133404,1.0877752851874813,1.0695395237259375,1.0330006671442153,1.0353865974167362,1.361503282608928,-0.08714237035183899,-2.6976377325761973,False,0
320193,AAPL,Apple Inc.,3571,Electronic Computers,control,,2015,2015-09-26,233715000000.0,140089000000.0,93626000000.0,14329000000.0,8067000000.0,22396000000.0,,71230000000.0,53394000000.0,9200000000.0,81266000000.0,16849000000.0,2349000000.0,89378000000.0,290479000000.0,22471000000.0,80610000000.0,171124000000.0,53463000000.0,119355000000.0,21120000000.0,8940000000.0,0.27856341803659834,0.4005990201741437,0.3047729071732666,0.22845773698735639,0.6952270928267335,26.313608454741885,0.7547578115904129,0.9632583664585429,0.9991964363514801,1.2785634180365983,0.8630013806132828,0.9344708847812707,1.1576482929715295,-0.09595185882628349,-2.981862039333787,False,0
320193,AAPL,Apple Inc.,3571,Electronic Computers,control,,2016,2016-09-24,215639000000.0,131376000000.0,84263000000.0,14194000000.0,10045000000.0,24239000000.0,,60024000000.0,45687000000.0,8300000000.0,65824000000.0,15754000000.0,2132000000.0,106869000000.0,321686000000.0,27010000000.0,79006000000.0,193437000000.0,75427000000.0,128249000000.0,20484000000.0,8080000000.0,-0.07734206191301374,0.3907595564809705,0.27835410106706115,0.211867983064288,0.7216458989329388,26.665909227922594,1.01338853900584,1.0251803533144106,0.949379735472405,0.9226579380869863,1.2357928445809383,1.0736140731162198,1.040115003804041,-0.06259831015337938,-2.8353875665609403,False,2
320193,AAPL,Apple Inc.,3571,Electronic Computers,control,,2017,2017-09-30,229234000000.0,141048000000.0,88186000000.0,15261000000.0,11581000000.0,26842000000.0,,61344000000.0,48351000000.0,8200000000.0,63598000000.0,17874000000.0,4855000000.0,128645000000.0,375319000000.0,33783000000.0,100814000000.0,241272000000.0,97207000000.0,134047000000.0,20289000000.0,7548000000.0,0.06304518199398057,0.38469860491899105,0.2676042820872994,0.21092420845075338,0.7323957179127005,28.46004519399391,1.067282009802712,1.0157550650937655,0.9715768015622513,1.0630451819939806,1.2034830870823576,1.011408194454687,1.0990128016639655,-0.040624109091199755,-2.566047593455792,False,2
320193,AAPL,Apple Inc.,3571,Electronic Computers,control,,2018,2018-09-29,265595000000.0,163756000000.0,101839000000.0,16705000000.0,14236000000.0,30941000000.0,,70898000000.0,59531000000.0,10903000000.0,77434000000.0,23186000000.0,3956000000.0,131339000000.0,365725000000.0,41304000000.0,116866000000.0,258578000000.0,93735000000.0,107147000000.0,25913000000.0,5966000000.0,0.15861957650261305,0.38343718820007905,0.26694026619477024,0.22414202074587247,0.7330597338052298,31.86389050998701,1.1196008401529676,1.0032897610292661,0.9307443074495193,1.158619576502613,0.9352400774002485,0.9447624536131117,1.0914279759323158,-0.04895208148198783,-2.511611141290395,False,0
320193,AAPL,Apple Inc.,3571,Electronic Computers,control,,2019,2019-09-28,260174000000.0,161782000000.0,98392000000.0,18245000000.0,16217000000.0,34462000000.0,,63930000000.0,55256000000.0,12547000000.0,69391000000.0,22926000000.0,4106000000.0,162819000000.0,338516000000.0,37378000000.0,105718000000.0,248028000000.0,91807000000.0,90488000000.0,48844000000.0,5522000000.0,-0.0204107758052674,0.3781776810903472,0.24572017188496928,0.21238094505984456,0.7542798281150307,32.1630524187659,1.0093887439352431,1.0139075026706172,0.7739546250091937,0.9795892241947326,0.8309893345659926,1.1149448571896836,1.0132977761969153,-0.041755781115220554,-2.812478352300119,False,0
320193,AAPL,Apple Inc.,3571,Electronic Computers,control,,2020,2020-09-26,274515000000.0,169559000000.0,104956000000.0,19916000000.0,18752000000.0,38668000000.0,,66288000000.0,57411000000.0,11056000000.0,80674000000.0,16120000000.0,4061000000.0,143713000000.0,323888000000.0,36766000000.0,105392000000.0,258549000000.0,98667000000.0,65339000000.0,38016000000.0,6643000000.0,0.05512080376978479,0.38233247727810865,0.24147314354406862,0.20913611278072236,0.7585268564559313,21.43343715279675,0.6663993477276792,0.9891330283596619,1.0836247348709378,1.0551208037697848,1.0870550289979108,1.034560907331187,1.0797371055084095,-0.07182421083831447,-3.0677708750060546,False,0
320193,AAPL,Apple Inc.,3571,Electronic Computers,control,,2021,2021-09-25,365817000000.0,212981000000.0,152836000000.0,21973000000.0,21914000000.0,43887000000.0,,108949000000.0,94680000000.0,11284000000.0,104038000000.0,26278000000.0,6580000000.0,134836000000.0,351002000000.0,39440000000.0,125481000000.0,287912000000.0,109106000000.0,63090000000.0,34940000000.0,7612000000.0,0.33259384733074704,0.4177935962516778,0.29782377527561593,0.2588179335569424,0.702176224724384,26.219311841713207,1.2232901169699686,0.9151228757651723,1.1371278783529122,1.332593847330747,1.039251622735267,0.8279220215041687,1.0607998606246691,-0.02666081674748292,-2.0778310063799155,False,0
320193,AAPL,Apple Inc.,3571,Electronic Computers,control,,2022,2022-09-24,394328000000.0,223546000000.0,170782000000.0,25094000000.0,26251000000.0,51345000000.0,,119437000000.0,99803000000.0,11104000000.0,122151000000.0,28184000000.0,4946000000.0,135405000000.0,352755000000.0,42117000000.0,153982000000.0,302083000000.0,98959000000.0,50672000000.0,23646000000.0,7912000000.0,0.0779378760418461,0.43309630561360085,0.30288744395528594,0.2530964070519973,0.697112556044714,26.08782536365665,0.9949851285628568,0.9646667284768394,0.9866244216523196,1.077937876041846,1.0662355561214252,1.059465467403742,1.0728813666294033,-0.06335275190996584,-2.762023501823561,False,0
320193,AAPL,Apple Inc.,3571,Electronic Computers,control,,2023,2023-09-30,383285000000.0,214137000000.0,169148000000.0,24932000000.0,29915000000.0,54847000000.0,,114301000000.0,96995000000.0,11519000000.0,110543000000.0,29508000000.0,6331000000.0,143566000000.0,352583000000.0,43715000000.0,145308000000.0,290437000000.0,95281000000.0,62146000000.0,29965000000.0,8061000000.0,-0.02800460530319937,0.4413112957720756,0.2982141226502472,0.2530623426432028,0.7017858773497528,28.1002909062447,1.077141943206644,0.9813850444410162,0.9437870664191209,0.9719953946968006,1.0004333020642977,1.0221697334702315,0.9516304835768455,-0.03842499496572438,-2.634285325875898,False,0
320193,AAPL,Apple Inc.,3571,Electronic Computers,control,,2024,2024-09-28,391035000000.0,210352000000.0,180683000000.0,26097000000.0,31370000000.0,57467000000.0,,123216000000.0,93736000000.0,11445000000.0,118254000000.0,33410000000.0,7286000000.0,152987000000.0,364980000000.0,45680000000.0,176392000000.0,308030000000.0,85750000000.0,56950000000.0,29943000000.0,8249000000.0,0.02021994077514111,0.4620634981523393,0.31510222870075566,0.23971255769943867,0.6848977712992443,31.185571624023428,1.1097953301648236,0.9550879858217629,0.9719420935072067,1.020219940775141,1.0409232253583875,1.0259818063450896,1.0525752244496027,-0.06717628363197983,-2.7272736760703284,False,0
320193,AAPL,Apple Inc.,3571,Electronic Computers,control,,2025,2025-09-27,416161000000.0,220960000000.0,195201000000.0,27601000000.0,34550000000.0,62151000000.0,,133050000000.0,112010000000.0,11698000000.0,111482000000.0,39777000000.0,5718000000.0,147957000000.0,359241000000.0,49834000000.0,165631000000.0,285508000000.0,78328000000.0,73733000000.0,35934000000.0,9055000000.0,0.06425511782832749,0.4690516410716045,0.31970799762591884,0.2691506412181824,0.6802920023740812,34.88699085209811,1.1186901196713464,0.9851015489396862,0.9862681807116949,1.0642551178283275,1.0538504814640368,0.993775954303638,0.9455040776713899,0.0014697654220982572,-2.294943021712222,False,0
796343,ADBE,ADOBE INC.,7372,Services-Prepackaged Software,control,,2014,2014-11-28,4147065000.0,622080000.0,3524985000.0,,,3112300000.0,,412685000.0,268395000.0,313590000.0,1287482000.0,591800000.0,,4602328000.0,10785829000.0,785123000.0,2494435000.0,4009924000.0,911086000.0,6775905000.0,1117400000.0,1097923000.0,0.022643542675649275,0.8499951170285491,0.09951254682528488,0.06471926531173251,0.9004874531747151,52.08671675028001,0.9647832122897394,1.006309607427776,0.9155555736737201,1.0226435426756493,1.1472673909267272,,2.148253408418666,-0.09448388250917013,,False,0
796343,ADBE,ADOBE INC.,7372,Services-Prepackaged Software,control,,2015,2015-11-27,4795511000.0,744317000.0,4051194000.0,,,3148099000.0,,903095000.0,629551000.0,339473000.0,1469502000.0,672006000.0,,4821892000.0,11726472000.0,787421000.0,2213556000.0,4724892000.0,1907231000.0,7001580000.0,876560000.0,1434200000.0,0.15636263236771075,0.844788803528967,0.18832091095192985,0.13127923176487344,0.8116790890480702,51.1482905575652,0.9819833874879477,1.0061628580750994,1.0422517613418414,1.1563626323677108,0.9474488438868403,,1.112968220753568,-0.07162861941767311,,False,0
796343,ADBE,ADOBE INC.,7372,Services-Prepackaged Software,control,,2016,2016-12-02,5854430000.0,819908000.0,5034522000.0,,,3540920000.0,,1493602000.0,1168782000.0,331535000.0,2199728000.0,833033000.0,,5839774000.0,12707114000.0,816264000.0,2811635000.0,5282279000.0,1892200000.0,7424835000.0,1011315000.0,1945619000.0,0.22081463268460855,0.8599508406454599,0.2551233851971926,0.19964061403074254,0.7448766148028074,51.93623375802597,1.0154050739892075,0.982368716443009,0.9128581206420667,1.2208146326846085,1.042938333604577,,1.0533976792502016,-0.08113140403084446,,False,0
796343,ADBE,ADOBE INC.,7372,Services-Prepackaged Software,control,,2017,2017-12-01,7301505000.0,1010491000.0,6291014000.0,,,4122919000.0,,2168095000.0,1693954000.0,325997000.0,2912853000.0,1217968000.0,,7247813000.0,14535556000.0,936976000.0,3527457000.0,6075687000.0,1881421000.0,8459869000.0,2306072000.0,2405950000.0,0.2471760700870964,0.8616051074401784,0.2969380970087674,0.232000662877037,0.7030619029912326,60.88584750678113,1.1723192673240797,0.9980800174227921,0.9175058655399368,1.2471760700870964,1.1190358606686788,,1.0052414410667654,-0.08385637260796903,,False,0
796343,ADBE,ADOBE INC.,7372,Services-Prepackaged Software,control,,2018,2018-11-30,9030008000.0,1194999000.0,7835009000.0,,,4994640000.0,,2840369000.0,2590774000.0,346492000.0,4029304000.0,1315578000.0,,4857039000.0,18768682000.0,1075072000.0,4301126000.0,9406568000.0,4124800000.0,9362114000.0,1642775000.0,2915974000.0,0.23673242708181386,0.8676635723910765,0.31454778334637135,0.28690716553075035,0.6854522166536287,53.17669375265226,0.8733834861497122,0.9930174953245964,1.565383386802512,1.2367324270818139,1.0589921532644946,,1.2064472210442296,-0.07664523273397673,,False,0
796343,ADBE,ADOBE INC.,7372,Services-Prepackaged Software,control,,2019,2019-11-29,11171297000.0,1672720000.0,9498577000.0,,,6230456000.0,,3268121000.0,2951458000.0,736669000.0,4421813000.0,1534809000.0,,6494925000.0,20762400000.0,1293015000.0,8190938000.0,10232245000.0,989000000.0,10530155000.0,2650221000.0,3378000000.0,0.23713035470178978,0.8502662672024565,0.2925462459730504,0.2642001192878499,0.7074537540269497,50.14684373712381,0.9430229711229962,1.0204610083449042,0.9136849819035857,1.2371303547017898,0.671556920130964,,0.9848686871512571,-0.07081816167687743,,False,1
796343,ADBE,ADOBE INC.,7372,Services-Prepackaged Software,control,,2020,2020-11-27,12868000000.0,1722000000.0,11146000000.0,,,6909000000.0,,4237000000.0,5260000000.0,757000000.0,5727000000.0,1398000000.0,,8146000000.0,24284000000.0,1517000000.0,5512000000.0,11020000000.0,4117000000.0,13264000000.0,4478000000.0,3629000000.0,0.15188057393872878,0.8661796705004663,0.32926639726453216,0.4087659309916071,0.6707336027354678,39.65418091389493,0.7907612515309486,0.9816280572726727,0.963485349282812,1.1518805739387288,1.0902812595484244,,0.8968065430491617,-0.019230769230769232,,False,0
796343,ADBE,ADOBE INC.,7372,Services-Prepackaged Software,control,,2021,2021-12-03,15785000000.0,1865000000.0,13920000000.0,,,8118000000.0,,5802000000.0,4822000000.0,788000000.0,7230000000.0,1878000000.0,,8669000000.0,27241000000.0,1673000000.0,6932000000.0,12444000000.0,4123000000.0,14797000000.0,3844000000.0,4733000000.0,0.22668635374572577,0.8818498574596135,0.3675641431738993,0.3054798859676908,0.6324358568261007,43.425403864428255,1.0951027826983024,0.9822303231932371,1.030341296403131,1.2266863537457258,1.0396587555638892,,1.0234691070124855,-0.08839616754157337,,False,0
796343,ADBE,ADOBE INC.,7372,Services-Prepackaged Software,control,,2022,2022-12-02,17606000000.0,2165000000.0,15441000000.0,,,9343000000.0,,6098000000.0,4756000000.0,856000000.0,7838000000.0,2065000000.0,,8996000000.0,27165000000.0,1908000000.0,8128000000.0,13114000000.0,3629000000.0,14051000000.0,4236000000.0,5297000000.0,0.11536268609439349,0.8770305577643985,0.34635919572872886,0.27013518118823127,0.6536408042712711,42.810689537657616,0.9858443613169438,1.0054950191330843,0.96493838018399,1.1153626860943935,1.033900815336065,,1.066476053046349,-0.11345481317872262,,False,0
796343,ADBE,ADOBE INC.,7372,Services-Prepackaged Software,control,,2023,2023-12-01,19409000000.0,2354000000.0,17055000000.0,,,10405000000.0,,6650000000.0,5428000000.0,872000000.0,7302000000.0,2224000000.0,,11084000000.0,29779000000.0,2030000000.0,8251000000.0,13261000000.0,3634000000.0,16518000000.0,7141000000.0,5837000000.0,0.10240826990798602,0.878716059559998,0.3426245556185275,0.2796640733680251,0.6573754443814726,41.82389613066103,0.976949836182186,0.9980818584373621,0.9348838722689861,1.102408269907986,1.030662913740225,,0.9221514797521636,-0.06293025286275564,,False,0
796343,ADBE,ADOBE INC.,7372,Services-Prepackaged Software,control,,2024,2024-11-29,21505000000.0,2358000000.0,19147000000.0,,,12406000000.0,,6741000000.0,5560000000.0,857000000.0,8056000000.0,2072000000.0,,11232000000.0,30230000000.0,1936000000.0,10521000000.0,16125000000.0,4129000000.0,14105000000.0,7613000000.0,6131000000.0,0.10799113813179462,0.89035108114392,0.31346198558474775,0.25854452452917925,0.6865380144152523,35.167635433620084,0.8408502958154286,0.9869320969779996,1.008548022516443,1.1079911381317946,0.9792851990378824,,1.214256399993821,-0.08256698643731393,,False,0
796343,ADBE,ADOBE INC.,7372,Services-Prepackaged Software,control,,2025,2025-11-28,23769000000.0,2551000000.0,21218000000.0,,,12512000000.0,,8706000000.0,7130000000.0,818000000.0,10031000000.0,2344000000.0,,10163000000.0,29496000000.0,1873000000.0,10200000000.0,17873000000.0,6210000000.0,11623000000.0,5431000000.0,6905000000.0,0.10527784236224136,0.8926753334174765,0.36627540073204595,0.2999705498758888,0.6337245992679541,35.99478312087172,1.023520139385342,0.997396307272591,1.048791899432682,1.1052778423622414,1.0094162230585195,,1.148010813752961,-0.09835231895850285,,False,0
18230,CAT,CATERPILLAR INC,3531,Construction Machinery & Equip,control,,2014,2014-12-31,55184000000.0,39767000000.0,15417000000.0,5697000000.0,2135000000.0,49856000000.0,,5328000000.0,3711000000.0,3163000000.0,8057000000.0,7737000000.0,12205000000.0,38867000000.0,84681000000.0,16577000000.0,27877000000.0,67855000000.0,27784000000.0,16826000000.0,,,-0.008480666954146954,0.2793744563641635,0.09654972455784286,0.06724775297187591,0.9034502754421572,51.17434401275732,0.9275141017486055,0.9601344050750172,0.9940728140923623,0.991519333045853,0.9555446285028043,1.0358261406532427,1.0330702005648071,-0.051322020287904016,-2.8399195509677884,False,6
18230,CAT,CATERPILLAR INC,3531,Construction Machinery & Equip,control,,2015,2015-12-31,47011000000.0,33742000000.0,13269000000.0,5199000000.0,2165000000.0,43755000000.0,,3256000000.0,2113000000.0,3046000000.0,6675000000.0,6695000000.0,9700000000.0,34418000000.0,78497000000.0,16090000000.0,26303000000.0,63612000000.0,25247000000.0,14885000000.0,6511000000.0,,-0.14810452305015942,0.2822530897024101,0.06926038586713748,0.04494692731488375,0.9307396141328625,51.98091935929889,1.0157613226334763,0.989801233562114,1.0327316646919744,0.8518954769498406,1.0066379679098136,1.0712412450184623,0.9991037380492696,-0.058116870708434715,-2.8728960621020136,False,6
18230,CAT,CATERPILLAR INC,3531,Construction Machinery & Equip,control,,2016,2016-12-31,38537000000.0,28044000000.0,10493000000.0,4686000000.0,1951000000.0,38039000000.0,,498000000.0,-59000000.0,3034000000.0,5608000000.0,5981000000.0,8614000000.0,31967000000.0,74704000000.0,15322000000.0,26132000000.0,61491000000.0,22818000000.0,13213000000.0,7199000000.0,,-0.18025568483971832,0.2722837792251602,0.01292264576900122,-0.0015309961854840803,0.9870773542309987,56.64854555362379,1.089794991159384,1.0366136774861126,1.0292243932098557,0.8197443151602817,0.963033088762145,1.0995223286510827,0.9977764036438203,-0.07585939173270508,-2.902626015670142,False,5
18230,CAT,CATERPILLAR INC,3531,Construction Machinery & Equip,control,,2017,2017-12-31,45462000000.0,31260000000.0,14202000000.0,5177000000.0,1905000000.0,41056000000.0,,4406000000.0,759000000.0,2877000000.0,5706000000.0,7436000000.0,10018000000.0,36244000000.0,76962000000.0,14155000000.0,26931000000.0,63196000000.0,23847000000.0,13766000000.0,8320000000.0,,0.17969743363520774,0.3123927675861159,0.09691610575865559,0.016695261977035768,0.9030838942413444,59.70128898860587,1.0538891758852367,0.8716071800545158,0.9404947671710652,1.1796974336352077,0.9785055966069592,0.9364945322676002,1.00690942632262,-0.06427847509160364,-2.656530653678419,False,3
18230,CAT,CATERPILLAR INC,3531,Construction Machinery & Equip,control,,2018,2018-12-31,54722000000.0,36997000000.0,17725000000.0,5478000000.0,1850000000.0,46429000000.0,46429000000.0,8293000000.0,6148000000.0,2766000000.0,6558000000.0,8802000000.0,11529000000.0,38603000000.0,78509000000.0,13574000000.0,28218000000.0,64429000000.0,25000000000.0,14080000000.0,7890000000.0,,0.20368659539835465,0.3239099448119586,0.15154782354446109,0.11234969482109572,0.8484521764555389,58.71002521837653,0.983396275239241,0.9644432737854688,0.9717703044096515,1.2036865953983547,0.9978702842371995,0.8790841278780157,1.0274007003447105,-0.005222331197697079,-2.3566084361388246,False,0
18230,CAT,CATERPILLAR INC,3531,Construction Machinery & Equip,control,,2019,2019-12-31,53800000000.0,36630000000.0,17170000000.0,5162000000.0,1693000000.0,45510000000.0,45510000000.0,8290000000.0,6094000000.0,2577000000.0,6912000000.0,8568000000.0,11266000000.0,39193000000.0,78453000000.0,12904000000.0,26621000000.0,63824000000.0,26281000000.0,14629000000.0,8292000000.0,1187000000.0,-0.01684879938598738,0.3191449814126394,0.154089219330855,0.11327137546468402,0.8459107806691449,58.128624535315986,0.9900970799978713,1.014930403662398,1.001625892310355,0.9831512006140126,1.0169151457032815,0.9584636755877854,0.9947717241390995,-0.010426624858195352,-2.5335867437773323,False,0
18230,CAT,CATERPILLAR INC,3531,Construction Machinery & Equip,control,,2020,2020-12-31,41748000000.0,29082000000.0,12666000000.0,4642000000.0,1415000000.0,,37195000000.0,4553000000.0,3003000000.0,2432000000.0,6327000000.0,7317000000.0,11402000000.0,39464000000.0,78324000000.0,12401000000.0,25717000000.0,62946000000.0,25999000000.0,15378000000.0,9352000000.0,1108000000.0,-0.22401486988847585,0.30339177924691,0.10905911660438823,0.07193158953722334,0.8909408833956117,63.97204656510492,1.100525723367818,1.0519236289290124,1.0055614698234585,0.7759851301115241,1.0152683180826072,1.1588673755787247,0.9791912687162159,-0.04243909912670446,-2.775012510263026,False,0
18230,CAT,CATERPILLAR INC,3531,Construction Machinery & Equip,control,,2021,2021-12-31,50971000000.0,35513000000.0,15458000000.0,5365000000.0,1686000000.0,,44093000000.0,6878000000.0,6493000000.0,2352000000.0,7198000000.0,8477000000.0,14038000000.0,43455000000.0,82793000000.0,12090000000.0,29847000000.0,66277000000.0,26033000000.0,16516000000.0,9254000000.0,1087000000.0,0.2209207626712657,0.30327048713974614,0.13493947538796572,0.12738616075807813,0.8650605246120343,60.70324302054109,0.9489026266927831,1.000399946952662,0.9742321190644737,1.2209207626712657,1.0067568590167815,0.9466231277602318,1.0221925464829975,-0.008515212638749653,-2.377289096871297,False,0
18230,CAT,CATERPILLAR INC,3531,Construction Machinery & Equip,control,,2022,2022-12-31,59427000000.0,41350000000.0,18077000000.0,5651000000.0,1814000000.0,,51523000000.0,7904000000.0,6704000000.0,2219000000.0,7766000000.0,8856000000.0,16270000000.0,43785000000.0,81943000000.0,12028000000.0,31531000000.0,66052000000.0,25714000000.0,15891000000.0,7004000000.0,1860000000.0,0.1658982558709854,0.30418833190300704,0.13300351691991855,0.1128106752822791,0.8669964830800815,54.3934575193094,0.896055215713985,0.9969826430964039,0.9689169174849062,1.1658982558709854,1.0456253382943281,0.9034308745129845,1.0350537949232324,-0.01296022845148457,-2.49204538346419,False,0
18230,CAT,CATERPILLAR INC,3531,Construction Machinery & Equip,control,,2023,2023-12-31,67060000000.0,42767000000.0,24293000000.0,6371000000.0,2108000000.0,,54094000000.0,12966000000.0,10332000000.0,2144000000.0,12885000000.0,9310000000.0,16565000000.0,46949000000.0,87476000000.0,12680000000.0,34728000000.0,67973000000.0,24472000000.0,19503000000.0,6978000000.0,1929000000.0,0.1284433001834182,0.36225767968983,0.19334923948702654,0.15407098121085594,0.8066507605129735,50.67327766179541,0.931606115382657,0.839701541078321,0.9983020178935919,1.1284433001834182,1.0768978334270949,0.9990852686192694,0.968739684229913,-0.029185147926288353,-2.631009120414665,False,0
18230,CAT,CATERPILLAR INC,3531,Construction Machinery & Equip,control,,2024,2024-12-31,64809000000.0,40199000000.0,24610000000.0,6667000000.0,2107000000.0,,51737000000.0,13072000000.0,10788000000.0,2153000000.0,12035000000.0,9282000000.0,16827000000.0,45682000000.0,87764000000.0,13361000000.0,32272000000.0,68270000000.0,27351000000.0,19494000000.0,6889000000.0,2322000000.0,-0.03356695496570239,0.3797312101714268,0.20170038111990618,0.1664583622645003,0.7982996188800938,52.27560986899967,1.031620851879734,0.9539844763518162,1.0280012655570474,0.9664330450342976,1.0421713549211193,1.0828070600725086,1.0038402951342482,-0.01420855931817146,-2.5709649593764112,False,0
18230,CAT,CATERPILLAR INC,3531,Construction Machinery & Equip,control,,2025,2025-12-31,67589000000.0,44752000000.0,22837000000.0,6985000000.0,2148000000.0,,56438000000.0,11151000000.0,8882000000.0,2262000000.0,11739000000.0,10920000000.0,18135000000.0,52485000000.0,98585000000.0,15140000000.0,36558000000.0,77267000000.0,30696000000.0,21318000000.0,9980000000.0,3314000000.0,0.04289527689055528,0.33788042432940274,0.16498246756128956,0.13141191614020034,0.8350175324387105,58.97113435618221,1.1280812314569113,1.1238627124524485,0.959636952781231,1.0428952768905553,1.0676448425067027,1.004604813479458,1.004176059696477,-0.028980067961657453,-2.404786019518295,False,0
909832,COST,COSTCO WHOLESALE CORP /NEW,5331,Retail-Variety Stores,control,,2014,2014-08-31,112640000000.0,98458000000.0,14182000000.0,10899000000.0,,,,3220000000.0,2058000000.0,1029000000.0,3984000000.0,1148000000.0,8456000000.0,17588000000.0,33024000000.0,14830000000.0,14412000000.0,20509000000.0,5093000000.0,12303000000.0,5738000000.0,,0.07117045151964696,0.12590553977272728,0.028586647727272728,0.018270596590909093,0.9714133522727273,3.7199928977272725,0.8923604146166073,0.9976039573876391,0.9887933330919496,1.071170451519647,0.983327699847342,1.0070121974364337,0.9797907573241058,-0.05832122093023256,-2.790736962581538,False,0
909832,COST,COSTCO WHOLESALE CORP /NEW,5331,Retail-Variety Stores,control,,2015,2015-08-30,116199000000.0,101065000000.0,15134000000.0,11445000000.0,,,,3624000000.0,2377000000.0,1127000000.0,4285000000.0,1224000000.0,8908000000.0,17299000000.0,33440000000.0,15401000000.0,16540000000.0,22597000000.0,4864000000.0,10617000000.0,4801000000.0,,0.03159623579545445,0.13024208469952409,0.031187875971393903,0.02045628619867641,0.9688121240286061,3.844783517930447,1.033545929692343,0.9667039656436592,1.2059311194277271,1.0315962357954545,0.9515595314140646,1.0179334730743375,1.0837082872873964,-0.057057416267942584,-2.6583375081616953,False,0
909832,COST,COSTCO WHOLESALE CORP /NEW,5331,Retail-Variety Stores,control,,2016,2016-08-28,118719000000.0,102901000000.0,15818000000.0,12068000000.0,,,,3672000000.0,2350000000.0,1255000000.0,3292000000.0,1252000000.0,8969000000.0,15218000000.0,33163000000.0,17043000000.0,15575000000.0,20831000000.0,4061000000.0,12079000000.0,3379000000.0,1362000000.0,0.02168693362249252,0.13323899291604546,0.030930179667955426,0.019794641127367986,0.9690698203320446,3.849257490376435,1.0011636474264736,0.9775072735771146,1.229100161283623,1.0216869336224925,0.99417653683427,1.03205220314008,0.9250613561856872,-0.028405150318125624,-2.493489832984464,False,0
909832,COST,COSTCO WHOLESALE CORP /NEW,5331,Retail-Variety Stores,control,,2017,2017-09-03,129025000000.0,111882000000.0,17143000000.0,12950000000.0,,,,4111000000.0,2679000000.0,1370000000.0,6726000000.0,1432000000.0,9834000000.0,17317000000.0,36347000000.0,18161000000.0,17495000000.0,25268000000.0,6573000000.0,10778000000.0,4546000000.0,1498000000.0,0.086810030407938,0.13286572369695795,0.031862042239875994,0.020763417942259253,0.968137957760124,4.050997868630111,1.0524102060613114,1.002809371813146,0.8790194379782393,1.086810030407938,0.9777864518718091,0.9873720492485358,1.1183357784638297,-0.1113434396236278,-2.9617951661012794,False,0
909832,COST,COSTCO WHOLESALE CORP /NEW,5331,Retail-Variety Stores,control,,2018,2018-09-02,141576000000.0,123152000000.0,18424000000.0,13876000000.0,,,,4480000000.0,3134000000.0,1437000000.0,5774000000.0,1669000000.0,11040000000.0,20289000000.0,40830000000.0,19681000000.0,19926000000.0,27727000000.0,6487000000.0,12799000000.0,6055000000.0,1624000000.0,0.09727572175934895,0.13013505113861107,0.03164378143188111,0.022136520314177545,0.9683562185681189,4.302883257049218,1.062178603047324,1.0209833748437103,0.880983685195036,1.097275721759349,1.0308419992313131,0.9765146264129143,0.9769378130646326,-0.06465833945628215,-2.660437831670347,False,0
909832,COST,COSTCO WHOLESALE CORP /NEW,5331,Retail-Variety Stores,control,,2019,2019-09-01,152703000000.0,132886000000.0,16465000000.0,14994000000.0,,,,4737000000.0,3659000000.0,1492000000.0,6356000000.0,1535000000.0,11395000000.0,23485000000.0,45400000000.0,20890000000.0,23237000000.0,29816000000.0,5124000000.0,15243000000.0,8384000000.0,1711000000.0,0.07859382946262072,0.10782368388309332,0.031021001552032378,0.023961546269555937,0.9689789984479676,3.6690503788399704,0.8526957762168268,1.0027760364343403,1.0718868456100799,1.0785938294626207,1.0207844622340396,1.0018328866322384,0.9656668780941704,-0.059405286343612335,-2.779561604418444,False,0
909832,COST,COSTCO WHOLESALE CORP /NEW,5331,Retail-Variety Stores,control,,2020,2020-08-30,166761000000.0,144939000000.0,21822000000.0,16332000000.0,,,,5435000000.0,4002000000.0,1645000000.0,8861000000.0,1550000000.0,12242000000.0,28120000000.0,55556000000.0,21807000000.0,24844000000.0,36851000000.0,7514000000.0,18284000000.0,12277000000.0,1851000000.0,0.09206105970413159,0.13085793440912444,0.03259155318089961,0.023998416896036844,0.9674084468191004,3.3925797998332947,0.9246479196357924,0.9917227577745751,4.487787317213648,1.0920610597041316,0.9503507350538684,0.9974128136871889,0.9323629652703196,-0.08746130030959752,-1.4548885396346989,True,0
909832,COST,COSTCO WHOLESALE CORP /NEW,5331,Retail-Variety Stores,control,,2021,2021-08-29,195929000000.0,170684000000.0,25245000000.0,18461000000.0,,,,6708000000.0,5007000000.0,1781000000.0,8958000000.0,1803000000.0,14215000000.0,29505000000.0,59268000000.0,23492000000.0,29441000000.0,41190000000.0,6692000000.0,17564000000.0,11258000000.0,2042000000.0,0.174909001505148,0.12884769482822858,0.034236891935343926,0.025555175599324246,0.965763108064656,3.358844275222147,0.9900560851618566,1.015601672839982,1.044278289524333,1.174909001505148,0.995357045003722,0.9620809601105745,1.0467260856049507,-0.06666329216440575,-2.6282122990748222,False,0
909832,COST,COSTCO WHOLESALE CORP /NEW,5331,Retail-Variety Stores,control,,2022,2022-08-28,226954000000.0,199382000000.0,27572000000.0,19779000000.0,,,,7793000000.0,5844000000.0,1900000000.0,7392000000.0,2241000000.0,17907000000.0,32696000000.0,64166000000.0,24646000000.0,31998000000.0,43519000000.0,6484000000.0,20642000000.0,10203000000.0,2174000000.0,0.15834817714580285,0.12148717361227385,0.03433735470624003,0.025749711395260715,0.96566264529376,3.6041003903874795,1.0730180071087434,1.0605868174976711,1.0051190925896025,1.1583481771458028,0.9845836309604383,0.9249323909019176,0.9837141523091538,-0.024124925973256866,-2.3339352165095715,False,0
909832,COST,COSTCO WHOLESALE CORP /NEW,5331,Retail-Variety Stores,control,,2023,2023-09-03,242290000000.0,212586000000.0,29704000000.0,21590000000.0,,,,8114000000.0,6292000000.0,2077000000.0,11068000000.0,2285000000.0,16651000000.0,35879000000.0,68994000000.0,26684000000.0,33583000000.0,43936000000.0,5377000000.0,25058000000.0,13700000000.0,2337000000.0,0.06757316460604357,0.12259688802674482,0.033488794419910026,0.025968880267448098,0.96651120558009,3.442259276074126,0.9550952812676914,0.9909482660422108,0.8764620857834252,1.0675731646060436,0.9911103158257171,1.0224702096387877,0.9415750793908654,-0.06922341073136795,-2.8254042907891392,False,0
909832,COST,COSTCO WHOLESALE CORP /NEW,5331,Retail-Variety Stores,control,,2024,2024-09-01,254453000000.0,222358000000.0,32095000000.0,22810000000.0,,,,9285000000.0,7367000000.0,2237000000.0,11339000000.0,2721000000.0,18647000000.0,34246000000.0,69831000000.0,29032000000.0,35464000000.0,46209000000.0,5794000000.0,23622000000.0,9906000000.0,2501000000.0,0.05020017334599025,0.1261333134213391,0.036490039417888566,0.028952301603832536,0.9635099605821115,3.9031373180901783,1.133888241719456,0.9719627963567316,1.0067571471467402,1.0502001733459903,1.0094400296855575,1.0060059684250129,1.0462905103512303,-0.05688018215405766,-2.6053448114087905,False,0
909832,COST,COSTCO WHOLESALE CORP /NEW,5331,Retail-Variety Stores,control,,2025,2025-08-31,275235000000.0,239886000000.0,35349000000.0,24966000000.0,,,,10383000000.0,8099000000.0,2426000000.0,13335000000.0,3203000000.0,18116000000.0,38380000000.0,77099000000.0,31909000000.0,37108000000.0,47935000000.0,5713000000.0,29164000000.0,14161000000.0,2854000000.0,0.08167323631476142,0.12843206714262356,0.03772412665540356,0.029425763438516175,0.9622758733445964,4.2476247570258145,1.0882591133391626,0.982101403703705,0.9412531879283822,1.0816732363147614,1.0125074951956003,1.0118767023583777,0.9400439307427622,-0.06791268369239549,-2.6578955030643288,False,0
858877,CSCO,"CISCO SYSTEMS, INC.",3576,Computer Communications Equipment,control,,2014,2014-07-26,47142000000.0,19373000000.0,27769000000.0,,6294000000.0,18424000000.0,,9345000000.0,7853000000.0,1200000000.0,12332000000.0,5157000000.0,1591000000.0,67114000000.0,105134000000.0,3252000000.0,19809000000.0,48473000000.0,20401000000.0,56654000000.0,6726000000.0,9478000000.0,-0.030139691813936276,0.5890501039412838,0.198230876925035,0.1665818166390904,0.801769123074965,39.92840778923253,0.9720768913431799,1.0282216670747133,1.0345011412346587,0.9698603081860637,0.9845201238390093,,1.1019915526613113,-0.04260277360321114,,False,0
858877,CSCO,"CISCO SYSTEMS, INC.",3576,Computer Communications Equipment,control,,2015,2015-07-25,49161000000.0,19480000000.0,29681000000.0,,6207000000.0,18911000000.0,,10770000000.0,8981000000.0,1100000000.0,12552000000.0,5344000000.0,1627000000.0,76283000000.0,113481000000.0,3332000000.0,23623000000.0,53774000000.0,21457000000.0,59698000000.0,6877000000.0,9824000000.0,0.04282805141911661,0.6037509407863957,0.2190760969060841,0.1826854620532536,0.7809239030939159,39.676979719696504,0.9937030279077688,0.9756508257759999,0.9024106853229358,1.0428280514191166,1.08600833129135,,1.0386515374434202,-0.0314678228073422,,False,0
858877,CSCO,"CISCO SYSTEMS, INC.",3576,Computer Communications Equipment,control,,2016,2016-07-30,49247000000.0,18287000000.0,30960000000.0,,6296000000.0,18300000000.0,,12660000000.0,10739000000.0,1000000000.0,13570000000.0,5847000000.0,1217000000.0,78719000000.0,121652000000.0,3506000000.0,24911000000.0,58067000000.0,24483000000.0,63586000000.0,7631000000.0,10155000000.0,0.001749354162852601,0.6286677361057527,0.2570714967409182,0.2180640445103255,0.7429285032590818,43.33573618697586,1.0922135831186532,0.9603657164375848,1.0860097635801331,1.0017493541628526,1.11836642599278,,1.0221018889729563,-0.023271298457896293,,False,0
858877,CSCO,"CISCO SYSTEMS, INC.",3576,Computer Communications Equipment,control,,2017,2017-07-29,48005000000.0,17781000000.0,30224000000.0,,6059000000.0,18251000000.0,,11973000000.0,9609000000.0,1100000000.0,13876000000.0,5146000000.0,1616000000.0,83703000000.0,129818000000.0,3322000000.0,27583000000.0,63681000000.0,25725000000.0,66137000000.0,11708000000.0,10821000000.0,-0.025219810343777294,0.6296010832204979,0.24941151963337152,0.2001666493073638,0.7505884803666285,39.12696594104781,0.9028799181403324,0.998517557959127,1.017099264156972,0.9747801896562227,0.8921438082556591,,1.0113524500345565,-0.03286909365419279,,False,0
858877,CSCO,"CISCO SYSTEMS, INC.",3576,Computer Communications Equipment,control,,2018,2018-07-28,49330000000.0,18724000000.0,30606000000.0,,6332000000.0,18297000000.0,,12309000000.0,110000000.0,1100000000.0,13666000000.0,5554000000.0,1846000000.0,61837000000.0,108784000000.0,3006000000.0,27035000000.0,65580000000.0,20331000000.0,43204000000.0,8934000000.0,11490000000.0,0.027601291532131977,0.6204338130954794,0.24952361646057167,0.0022298803973241437,0.7504763835394284,41.094871275086156,1.0502953726850013,1.0147755811039392,1.2253695744809854,1.027601291532132,0.9285391225689734,,1.0603377217227896,-0.12461391381085454,,False,0
858877,CSCO,"CISCO SYSTEMS, INC.",3576,Computer Communications Equipment,control,,2019,2019-07-27,51904000000.0,19238000000.0,32666000000.0,,6577000000.0,18447000000.0,,14219000000.0,11621000000.0,1000000000.0,15831000000.0,5491000000.0,1383000000.0,47755000000.0,97793000000.0,2789000000.0,31712000000.0,64222000000.0,14475000000.0,33571000000.0,11750000000.0,10668000000.0,0.05217920129738496,0.6293541923551171,0.27394805795314425,0.22389411220715166,0.7260519420468557,38.613883323057955,0.9396277959986626,0.9858261383367343,1.196134287372664,1.052179201297385,1.0150754992693618,,1.0847016437041137,-0.043050116061476795,,False,0
858877,CSCO,"CISCO SYSTEMS, INC.",3576,Computer Communications Equipment,control,,2020,2020-07-25,49301000000.0,17618000000.0,31683000000.0,,6347000000.0,18063000000.0,,13620000000.0,11214000000.0,900000000.0,15426000000.0,5472000000.0,1282000000.0,43573000000.0,94853000000.0,2453000000.0,25331000000.0,56933000000.0,11578000000.0,37920000000.0,11809000000.0,11406000000.0,-0.05015027743526512,0.6426441654327498,0.27626214478408145,0.22745988925173932,0.7237378552159185,40.51195716111235,1.049155217624045,0.9793198572515113,1.0654280293577905,0.9498497225647349,0.983255623002258,,0.8238899824792927,-0.044405553857020864,,False,0
858877,CSCO,"CISCO SYSTEMS, INC.",3576,Computer Communications Equipment,control,,2021,2021-07-31,49818000000.0,17924000000.0,31894000000.0,,6549000000.0,19061000000.0,,12833000000.0,10591000000.0,800000000.0,15454000000.0,5766000000.0,1559000000.0,39112000000.0,97497000000.0,2338000000.0,26257000000.0,56222000000.0,9018000000.0,41275000000.0,9175000000.0,12148000000.0,0.010486602705827464,0.6402103657312618,0.25759765546589586,0.21259384158336345,0.7424023445341041,42.245573888955796,1.0427927172451583,1.0038015624734662,1.1167401962282706,1.0104866027058275,1.0528631076647776,,0.9298107487242773,-0.0498784577987015,,False,0
858877,CSCO,"CISCO SYSTEMS, INC.",3576,Computer Communications Equipment,control,,2022,2022-07-30,51557000000.0,19309000000.0,32248000000.0,,6774000000.0,18279000000.0,,13969000000.0,11812000000.0,800000000.0,13226000000.0,6622000000.0,2568000000.0,36717000000.0,94002000000.0,1997000000.0,25640000000.0,54229000000.0,8416000000.0,39773000000.0,7079000000.0,12784000000.0,0.03490706170460478,0.6254824757064996,0.2709428399635355,0.22910565005721822,0.7290571600364645,46.88073394495413,1.1097194245291127,1.023546447097701,1.0231343543313545,1.0349070617046048,0.891332058636074,,1.0013381750054295,-0.01504223314397566,,False,0
858877,CSCO,"CISCO SYSTEMS, INC.",3576,Computer Communications Equipment,control,,2023,2023-07-29,56998000000.0,21245000000.0,35753000000.0,,7551000000.0,20722000000.0,,15031000000.0,12613000000.0,700000000.0,19886000000.0,5854000000.0,3644000000.0,43348000000.0,101852000000.0,2085000000.0,31309000000.0,57499000000.0,6658000000.0,44353000000.0,10123000000.0,13908000000.0,0.10553368116841555,0.6272676234253833,0.26371100740376857,0.2212884662619741,0.7362889925962315,37.48745570020001,0.799634573644188,0.9971540891762668,0.9418072660412221,1.1055336811684155,1.1379539302313704,,1.0289166085256787,-0.07140753249813454,,False,0
858877,CSCO,"CISCO SYSTEMS, INC.",3576,Computer Communications Equipment,control,,2024,2024-07-27,53803000000.0,18975000000.0,34828000000.0,,7983000000.0,22647000000.0,,12181000000.0,10320000000.0,700000000.0,10880000000.0,6685000000.0,3373000000.0,36862000000.0,124413000000.0,2090000000.0,40584000000.0,78956000000.0,19621000000.0,45457000000.0,7508000000.0,16249000000.0,-0.0560545984069617,0.6473244986339052,0.22640001486905934,0.1918108655651172,0.7735999851309406,45.35109566381057,1.2097672359121616,0.9690157328343832,1.2400705250878672,0.9439454015930383,1.0017953321364452,,1.298165542460643,-0.004501137340953116,,False,0
858877,CSCO,"CISCO SYSTEMS, INC.",3576,Computer Communications Equipment,control,,2025,2025-07-26,56654000000.0,19864000000.0,36790000000.0,,9300000000.0,25030000000.0,,11760000000.0,10180000000.0,700000000.0,14193000000.0,6701000000.0,3164000000.0,34986000000.0,122291000000.0,2113000000.0,35064000000.0,75448000000.0,22861000000.0,46843000000.0,8346000000.0,16416000000.0,0.05298961024478199,0.6493804497475907,0.20757581106364953,0.17968722420305716,0.7924241889363505,43.17197373530554,0.9519499607096829,0.9968339805818228,1.014149801189881,1.052989610244782,1.0082437275985663,,0.9788243121174905,-0.032815170372308675,,False,0
858877,CSCO,"CISCO SYSTEMS, INC.",3576,Computer Communications Equipment,control,,2026,2026-07-25,63325000000.0,22465000000.0,40860000000.0,,9563000000.0,25492000000.0,,15368000000.0,13267000000.0,700000000.0,14177000000.0,7470000000.0,5694000000.0,38665000000.0,129637000000.0,2760000000.0,41525000000.0,79352000000.0,19372000000.0,50285000000.0,7218000000.0,16988000000.0,0.1177498499664631,0.645242795104619,0.24268456375838926,0.20950651401500198,0.7573154362416107,43.056454796683774,0.9973242145626691,1.0064125545831175,0.9767746475867295,1.117749849966463,1.230003554923569,,0.9917344049923353,-0.00701960088554965,,False,0
354950,HD,"HOME DEPOT, INC.",5211,Retail-Lumber & Other Building Materials Dealers,control,,2014,2014-02-02,78812000000.0,51422000000.0,27390000000.0,16597000000.0,,18224000000.0,,9166000000.0,5385000000.0,1757000000.0,7628000000.0,1398000000.0,11057000000.0,15279000000.0,40518000000.0,23348000000.0,10749000000.0,27996000000.0,,12522000000.0,1929000000.0,1337000000.0,0.05428472055007094,0.3475359082373243,0.11630208597675482,0.06832715830076638,0.8836979140232452,6.474521646449779,0.9505501863970282,0.9946997352484458,1.1670210397987568,1.054284720550071,0.9343352276113912,0.9536241072463028,0.9508945958423307,-0.055358112443852116,-2.654931833730474,False,4
354950,HD,"HOME DEPOT, INC.",5211,Retail-Lumber & Other Building Materials Dealers,control,,2015,2015-02-01,83176000000.0,54222000000.0,28954000000.0,16834000000.0,,18485000000.0,,10469000000.0,6345000000.0,1786000000.0,8242000000.0,1484000000.0,11079000000.0,15302000000.0,39946000000.0,22720000000.0,11269000000.0,30624000000.0,,9322000000.0,1723000000.0,1468000000.0,0.05537227833324865,0.3481052226603828,0.12586563431759162,0.07628402423776089,0.8741343656824084,6.512215062037126,1.0058218070223017,0.9983645335203317,1.0320203030304544,1.0553722783332486,0.9602902300818086,0.9610634180218316,1.0633886447234047,-0.04748911029890352,-2.6539783544966555,False,4
354950,HD,"HOME DEPOT, INC.",5211,Retail-Lumber & Other Building Materials Dealers,control,,2016,2016-01-31,88519000000.0,58254000000.0,30265000000.0,16801000000.0,,18491000000.0,,11774000000.0,7009000000.0,1863000000.0,9373000000.0,1890000000.0,11809000000.0,16993000000.0,42549000000.0,22191000000.0,12526000000.0,36233000000.0,,6316000000.0,2216000000.0,1566000000.0,0.06423727998461093,0.3419039980117263,0.13301099199042013,0.07918074085789492,0.8669890080095799,7.7932421288085045,1.196711419166592,1.0181373270997662,1.641965171719104,1.064237279984611,0.9409866826790456,0.937798083535657,1.0435444881293299,-0.05555947260805189,-2.2430850243486757,False,0
354950,HD,"HOME DEPOT, INC.",5211,Retail-Lumber & Other Building Materials Dealers,control,,2017,2017-01-29,94595000000.0,62282000000.0,32313000000.0,17132000000.0,,18886000000.0,,13427000000.0,7957000000.0,1973000000.0,9783000000.0,2029000000.0,12549000000.0,17724000000.0,42966000000.0,21914000000.0,14133000000.0,38633000000.0,,4333000000.0,2538000000.0,1669000000.0,0.0686406308250207,0.3415931074581109,0.1419419631058724,0.08411649664358581,0.8580580368941276,7.829007875680533,1.0045893283284266,1.0009101195159609,0.9794058248067741,1.0686406308250207,0.9376917015276196,0.9542040409545115,1.1173426721100461,-0.04249871991807476,-2.6589009925607217,False,0
354950,HD,"HOME DEPOT, INC.",5211,Retail-Lumber & Other Building Materials Dealers,control,,2018,2018-01-28,100904000000.0,66548000000.0,34356000000.0,17864000000.0,,19675000000.0,,14681000000.0,8630000000.0,2062000000.0,12031000000.0,1952000000.0,12748000000.0,18933000000.0,44529000000.0,22075000000.0,16194000000.0,43075000000.0,,1454000000.0,3595000000.0,1805000000.0,0.06669485702204137,0.3404820423372711,0.1454947276619361,0.08552683738999445,0.854505272338064,7.060968841671292,0.9018982933463354,1.0032632121013279,1.0208564789022534,1.0666948570220414,0.9668522343135398,0.9775307845607115,1.105609490277585,-0.07637719239147522,-2.892463238710567,False,0
354950,HD,"HOME DEPOT, INC.",5211,Retail-Lumber & Other Building Materials Dealers,control,,2019,2019-02-03,108203000000.0,71043000000.0,37160000000.0,19513000000.0,,21630000000.0,,15530000000.0,11121000000.0,2152000000.0,13038000000.0,1936000000.0,13925000000.0,18529000000.0,44003000000.0,22375000000.0,16716000000.0,45881000000.0,,-1878000000.0,1778000000.0,1782000000.0,0.07233608182034401,0.34342855558533497,0.14352651959742335,0.10277903570141309,0.8564734804025766,6.530687688881085,0.9248996611257256,0.9914203021264731,0.8906687334833092,1.072336081820344,0.9736604617415489,1.018625197858867,1.0445732096965297,-0.0435652114628548,-2.7579180838674597,False,1
354950,HD,"HOME DEPOT, INC.",5211,Retail-Lumber & Other Building Materials Dealers,control,,2020,2020-02-02,110225000000.0,72653000000.0,37572000000.0,19740000000.0,,21729000000.0,,15843000000.0,11242000000.0,2296000000.0,13723000000.0,2106000000.0,14531000000.0,19810000000.0,51236000000.0,22770000000.0,18375000000.0,54352000000.0,29500000000.0,-3116000000.0,2133000000.0,2116000000.0,0.01868709740025687,0.3408664096166931,0.1437332728509866,0.10199138126559311,0.8562667271490134,6.973826264459061,1.0678548105021846,1.0075165692375585,2.3988480590710837,1.0186870974002569,0.957879739727917,0.9930755702210704,2.459707662150388,-0.04842298383948786,-2.5393496939522664,False,0
354950,HD,"HOME DEPOT, INC.",5211,Retail-Lumber & Other Building Materials Dealers,control,,2021,2021-01-31,132110000000.0,87257000000.0,44853000000.0,24447000000.0,,26575000000.0,,18278000000.0,12866000000.0,2519000000.0,18839000000.0,2992000000.0,16627000000.0,28477000000.0,70581000000.0,24705000000.0,23166000000.0,67282000000.0,34750000000.0,3299000000.0,7895000000.0,1900000000.0,0.19854842367883885,0.33951252743925514,0.13835440163500112,0.09738853985315267,0.8616455983649989,8.266444629475437,1.1853528201016406,1.003987723774582,1.4591315569026355,1.1985484236788388,0.989943975455413,1.0332914578645087,0.8781671399299281,-0.08462617418285374,-2.3077846417773036,False,0
354950,HD,"HOME DEPOT, INC.",5211,Retail-Lumber & Other Building Materials Dealers,control,,2022,2022-01-30,151157000000.0,100325000000.0,50832000000.0,25406000000.0,,27792000000.0,,23040000000.0,16433000000.0,2862000000.0,16571000000.0,3426000000.0,22068000000.0,29055000000.0,71876000000.0,25199000000.0,28693000000.0,73572000000.0,36400000000.0,-1696000000.0,2343000000.0,2600000000.0,0.14417530845507542,0.3362861131141793,0.15242430056166767,0.1087147799969568,0.8475756994383323,8.272789219156241,1.0007675113020393,1.0095942538191591,0.9945687653197878,1.1441753084550754,0.9072140045583982,0.9082766508093257,1.1036710108588415,-0.0019199732873281764,-2.385595916231724,False,0
354950,HD,"HOME DEPOT, INC.",5211,Retail-Lumber & Other Building Materials Dealers,control,,2023,2023-01-29,157403000000.0,104625000000.0,52778000000.0,26284000000.0,,28739000000.0,,24039000000.0,17105000000.0,2975000000.0,14615000000.0,3317000000.0,24886000000.0,32471000000.0,76445000000.0,25631000000.0,23110000000.0,74883000000.0,41150000000.0,1562000000.0,2757000000.0,2000000000.0,0.04132127523038953,0.3353049179494673,0.15272262917479337,0.10867010158637383,0.8472773708252066,7.6917530161432754,0.9297653804997794,1.002926277284307,0.9787008920753459,1.0413212752303895,0.9807010717048303,0.9935058374919085,0.9281993255358102,0.03257243770030741,-2.3400341618831657,False,1
354950,HD,"HOME DEPOT, INC.",5211,Retail-Lumber & Other Building Materials Dealers,control,,2024,2024-01-28,152669000000.0,101709000000.0,50960000000.0,26598000000.0,,29271000000.0,,21689000000.0,15143000000.0,3247000000.0,21172000000.0,3328000000.0,20976000000.0,29775000000.0,76530000000.0,26154000000.0,22015000000.0,75486000000.0,42150000000.0,1044000000.0,3760000000.0,1700000000.0,-0.030075665648049865,0.33379402498215094,0.1420655142825328,0.09918844035134834,0.8579344857174672,7.9565596159010665,1.0344273404517828,1.0045264230460602,1.1218513314589642,0.9699243343519501,0.9416936658475705,1.0433251290319712,0.9974125973109456,-0.07877956356984189,-2.805457099149677,False,1
354950,HD,"HOME DEPOT, INC.",5211,Retail-Lumber & Other Building Materials Dealers,control,,2025,2025-02-02,159514000000.0,106206000000.0,53308000000.0,28748000000.0,,31782000000.0,,21526000000.0,14806000000.0,3336000000.0,19810000000.0,4903000000.0,23451000000.0,31683000000.0,96119000000.0,26702000000.0,28661000000.0,89479000000.0,51365000000.0,6640000000.0,1659000000.0,1500000000.0,0.04483555928184502,0.3341901024361498,0.13494740273581002,0.09281943904610254,0.8650525972641899,11.219046604059832,1.4100373962684492,0.9988148139304198,1.4583676177108096,1.044835559281845,0.9944092547464698,1.0344528722703235,0.9930140210436357,-0.05206046671313684,-2.12609287560988,False,0
354950,HD,"HOME DEPOT, INC.",5211,Retail-Lumber & Other Building Materials Dealers,control,,2026,2026-02-01,164683000000.0,109818000000.0,54865000000.0,30702000000.0,,33975000000.0,,20890000000.0,14156000000.0,3514000000.0,16325000000.0,5597000000.0,25817000000.0,34391000000.0,105095000000.0,,32424000000.0,92282000000.0,49397000000.0,12813000000.0,1389000000.0,1500000000.0,0.032404679213109855,0.33315521334928316,0.12684976591390731,0.08595908503002739,0.8731502340860927,12.405075205090993,1.1057156318970967,1.0031063271574312,,1.0324046792131099,,1.034448959054848,0.9351060409387121,-0.02063846995575432,,False,0
773840,HON,HONEYWELL INTERNATIONAL INC,3724,Aircraft Engines & Engine Parts,control,,2014,2014-12-31,40306000000.0,28957000000.0,11349000000.0,5518000000.0,1892000000.0,,,,4239000000.0,924000000.0,5024000000.0,7960000000.0,4405000000.0,22191000000.0,45451000000.0,5383000000.0,14773000000.0,27794000000.0,6985000000.0,17657000000.0,6959000000.0,,0.03203175009601833,0.2815709819877934,,0.10517044608743115,,72.08356076018458,0.9727507884146488,0.9721959150829618,0.9409101671737378,1.0320317500960183,1.0771779547509561,1.0301993698113094,1.0063079756900968,-0.017271347165078877,-2.5942439711181313,False,1
773840,HON,HONEYWELL INTERNATIONAL INC,3724,Aircraft Engines & Engine Parts,control,,2015,2015-12-31,38581000000.0,26747000000.0,11834000000.0,5006000000.0,1856000000.0,,,,4768000000.0,883000000.0,5519000000.0,8075000000.0,4420000000.0,20053000000.0,49316000000.0,5789000000.0,18371000000.0,31033000000.0,6131000000.0,18283000000.0,5455000000.0,,-0.042797598372450785,0.30673129260516835,,0.12358414763743812,,76.39446877996942,1.0598043156348342,0.9179727950034694,1.2101746715224249,0.9572024016275492,1.10699197946663,0.9477752633123259,1.0378585371999627,-0.015228323465001217,-2.483901619115473,False,0
773840,HON,HONEYWELL INTERNATIONAL INC,3724,Aircraft Engines & Engine Parts,control,,2016,2016-12-31,39302000000.0,27150000000.0,12152000000.0,5469000000.0,2143000000.0,,,,4809000000.0,1030000000.0,5498000000.0,8177000000.0,4366000000.0,23058000000.0,54146000000.0,5793000000.0,16331000000.0,34777000000.0,12409000000.0,19369000000.0,7843000000.0,,0.018687955211114327,0.30919546079079946,,0.1223601852323037,,75.9402829372551,0.994054728700026,0.9920303869295858,0.9814519641137883,1.0186879552111143,0.8766834590579965,1.0724471685323598,1.0683331220649426,-0.012724855021608245,-2.5890281985041077,False,3
773840,HON,HONEYWELL INTERNATIONAL INC,3724,Aircraft Engines & Engine Parts,control,,2017,2017-12-31,40534000000.0,27575000000.0,12959000000.0,5808000000.0,1835000000.0,,,,1655000000.0,1115000000.0,5966000000.0,8866000000.0,4613000000.0,26002000000.0,59387000000.0,5926000000.0,18861000000.0,42111000000.0,13924000000.0,17276000000.0,7059000000.0,,0.0313470052414635,0.31970691271525137,,0.0408299205605171,,79.83643361128928,1.05130545375046,0.9671215994825424,0.9897488944113957,1.0313470052414635,0.953281863178421,1.0297074916567066,1.040072027225873,-0.07259164463603146,-2.789580828459491,False,4
773840,HON,HONEYWELL INTERNATIONAL INC,3724,Aircraft Engines & Engine Parts,control,,2018,2018-12-31,41802000000.0,29046000000.0,12756000000.0,6051000000.0,1809000000.0,,,,6765000000.0,1116000000.0,6434000000.0,7508000000.0,4326000000.0,24362000000.0,57773000000.0,5296000000.0,18924000000.0,39593000000.0,12628000000.0,18180000000.0,9287000000.0,2403000000.0,0.03128238022400942,0.3051528634993541,,0.16183436199224918,,65.55715037558012,0.8211432726913542,1.0476942901632909,1.0524945067895959,1.0312823802240094,0.9098500895166508,1.010236248532535,0.9892775926509912,0.005729319924532221,-2.5520680993380918,False,0
773840,HON,HONEYWELL INTERNATIONAL INC,3724,Aircraft Engines & Engine Parts,control,,2019,2019-12-31,36709000000.0,24339000000.0,12370000000.0,5519000000.0,1556000000.0,,,,6143000000.0,1088000000.0,6897000000.0,7493000000.0,4421000000.0,24303000000.0,58679000000.0,5325000000.0,18098000000.0,40185000000.0,12486000000.0,18494000000.0,9067000000.0,2490000000.0,-0.12183627577627865,0.3369745838895094,,0.16734315835353727,,74.50339153885967,1.136464765659064,0.9055664079383823,1.017337877343541,0.8781637242237214,1.0258952653113647,1.038622551430334,0.9543542406105595,-0.012849571396922239,-2.5548489123289078,False,0
773840,HON,HONEYWELL INTERNATIONAL INC,3724,Aircraft Engines & Engine Parts,control,,2020,2020-12-31,32637000000.0,22169000000.0,10468000000.0,4772000000.0,1334000000.0,,,,4779000000.0,1003000000.0,6208000000.0,6827000000.0,4489000000.0,28175000000.0,64586000000.0,5570000000.0,19197000000.0,47037000000.0,18787000000.0,17549000000.0,14275000000.0,2932000000.0,-0.11092647579612624,0.32074026411741274,,0.14642889971504733,,76.35061433342526,1.0247938081261991,1.0506151599543292,0.9645209844945937,0.8890735242038738,1.1118094336979705,0.9725285586253791,1.1283679137252136,-0.022125538042300188,-2.671663358238705,False,0
773840,HON,HONEYWELL INTERNATIONAL INC,3724,Aircraft Engines & Engine Parts,control,,2021,2021-12-31,34392000000.0,23394000000.0,10998000000.0,4798000000.0,1333000000.0,,,,5542000000.0,1138000000.0,6038000000.0,6830000000.0,5138000000.0,25372000000.0,64470000000.0,5562000000.0,19508000000.0,45901000000.0,16057000000.0,18569000000.0,10959000000.0,3163000000.0,0.05377332475411345,0.31978367062107466,,0.1611421260758316,,72.48633403117005,0.9493876986322626,1.0029913769345389,1.0893401923323913,1.0537733247541134,0.8984002029926443,0.9541411095428145,0.9379999901013892,-0.007693500853109974,-2.4604447616059923,False,1
773840,HON,HONEYWELL INTERNATIONAL INC,3724,Aircraft Engines & Engine Parts,control,,2022,2022-12-31,35466000000.0,23825000000.0,11641000000.0,5214000000.0,1478000000.0,,,8022000000.0,4966000000.0,1204000000.0,5274000000.0,7440000000.0,5538000000.0,24982000000.0,62275000000.0,5471000000.0,19938000000.0,45578000000.0,16853000000.0,16697000000.0,9627000000.0,3555000000.0,0.03122819260293097,0.328229853944623,0.2261884621891389,0.14002142897422884,0.7738115378108611,76.569108441888,1.056324746799339,0.9742674737777711,0.9823361908213076,1.031228192602931,0.9416559230425943,1.0537946893086692,1.0709340161908896,-0.004945804897631473,-2.4833477377179527,False,1
773840,HON,HONEYWELL INTERNATIONAL INC,3724,Aircraft Engines & Engine Parts,control,,2023,2023-12-31,36662000000.0,22995000000.0,13667000000.0,5127000000.0,1456000000.0,,,8598000000.0,5658000000.0,1176000000.0,5340000000.0,7530000000.0,6178000000.0,23502000000.0,61525000000.0,,18539000000.0,45669000000.0,18358000000.0,15856000000.0,7925000000.0,3499000000.0,0.033722438391699194,0.3727838088483989,0.23452075718727838,0.15432873274780426,0.7654792428127216,74.96726856145328,0.9790798154369207,0.8804831276298946,,1.0337224383916992,,0.9512361516792691,1.0151064275774297,0.005168630637952052,,False,6
773840,HON,HONEYWELL INTERNATIONAL INC,3724,Aircraft Engines & Engine Parts,control,,2024,2024-12-31,38498000000.0,23836000000.0,14662000000.0,5466000000.0,1536000000.0,,,8699000000.0,5705000000.0,1334000000.0,6097000000.0,7819000000.0,6442000000.0,27908000000.0,75196000000.0,,21256000000.0,56577000000.0,27265000000.0,18619000000.0,10567000000.0,3506000000.0,0.05007910097648782,0.3808509532962751,0.22595979011896722,0.1481895163385111,0.7740402098810327,74.13203283287443,0.9888586613250533,0.9788181061959939,,1.0500791009764878,,1.0152764085439867,1.0759586215786159,-0.0052130432469812225,,False,6
773840,HON,HONEYWELL INTERNATIONAL INC,3724,Aircraft Engines & Engine Parts,control,,2025,2025-12-31,37442000000.0,23613000000.0,13829000000.0,5450000000.0,1812000000.0,,,8127000000.0,4729000000.0,1388000000.0,6408000000.0,7621000000.0,6162000000.0,30387000000.0,73681000000.0,,23414000000.0,59777000000.0,29046000000.0,13904000000.0,12487000000.0,3860000000.0,-0.02742999636344745,0.3693445862934672,0.2170557128358528,0.12630201378131511,0.7829442871641472,74.29263928208962,1.0021664919074493,1.0311534740992938,,0.9725700036365525,,1.025193878106053,1.1034121734975766,-0.02278742145193469,,False,0
50863,INTC,INTEL CORP,3674,Semiconductors & Related Devices,control,,2014,2014-12-27,55870000000.0,20261000000.0,35609000000.0,8136000000.0,11537000000.0,20262000000.0,,15347000000.0,11704000000.0,7380000000.0,20418000000.0,4427000000.0,4273000000.0,27730000000.0,91956000000.0,33238000000.0,16019000000.0,36091000000.0,12107000000.0,55865000000.0,2561000000.0,2205000000.0,0.05999089322304019,0.6373545731161625,0.27469124753892965,0.20948630749955252,0.7253087524610703,28.921693216395205,1.1659550461973174,0.93830135486207,1.0789526754634664,1.0599908932230402,0.9778314280604735,0.9490031702463169,1.056707335387733,-0.09476271260167907,-2.7302054464795598,False,0
50863,INTC,INTEL CORP,3674,Semiconductors & Related Devices,control,,2015,2015-12-26,55355000000.0,20676000000.0,34679000000.0,7930000000.0,12128000000.0,20677000000.0,,14002000000.0,11420000000.0,265000000.0,19017000000.0,4787000000.0,5167000000.0,40356000000.0,103065000000.0,31858000000.0,15667000000.0,41980000000.0,20036000000.0,61085000000.0,15308000000.0,2188000000.0,-0.009217827098621845,0.6264836058169994,0.252949146418571,0.2063047601842652,0.747050853581429,31.564537982115436,1.0913793236774272,1.0173523571857659,0.8882691159438114,0.9907821729013782,22.024601045916068,0.983748455819313,1.1325714286542212,-0.07371076505118129,-0.4077496975183348,True,0
50863,INTC,INTEL CORP,3674,Semiconductors & Related Devices,control,,2016,2016-12-31,59387000000.0,23196000000.0,36191000000.0,8397000000.0,12740000000.0,23317000000.0,,12874000000.0,10316000000.0,294000000.0,21808000000.0,4690000000.0,5553000000.0,35508000000.0,113327000000.0,36171000000.0,20302000000.0,47101000000.0,20649000000.0,66226000000.0,5560000000.0,1718000000.0,0.07283894860446205,0.6094094667183053,0.21678145048579656,0.17370805058346103,0.7832185495142034,28.825332143398384,0.9132188837907562,1.0280175153671947,1.2277295823208647,1.072838948604462,1.0231955995672248,0.9869983667308355,1.0431280332517165,-0.10140566678726164,-2.871746492284197,False,2
50863,INTC,INTEL CORP,3674,Semiconductors & Related Devices,control,,2017,2017-12-30,62761000000.0,23692000000.0,39069000000.0,7474000000.0,13098000000.0,21133000000.0,,17936000000.0,9601000000.0,177000000.0,22110000000.0,5607000000.0,6983000000.0,29500000000.0,123249000000.0,41109000000.0,17421000000.0,54230000000.0,25037000000.0,69019000000.0,3433000000.0,1656000000.0,0.056813780793776525,0.6225044215356671,0.285782571979414,0.15297716734914996,0.7142174280205861,32.60870604356209,1.1312517018483055,0.9789640774196309,1.1621755055380505,1.0568137807937765,1.8806182850051245,0.8422295456185214,0.9533338400767365,-0.10149372408701085,-2.585380284495585,False,1
50863,INTC,INTEL CORP,3674,Semiconductors & Related Devices,control,,2018,2018-12-29,70848000000.0,27111000000.0,43737000000.0,6750000000.0,13543000000.0,20421000000.0,,23316000000.0,21053000000.0,200000000.0,29432000000.0,6722000000.0,7253000000.0,28787000000.0,127963000000.0,48976000000.0,16626000000.0,53400000000.0,25098000000.0,74563000000.0,3019000000.0,0.0,0.1288539060881757,0.6173357046070461,0.3290989159891599,0.2971572944896116,0.6709010840108401,34.63089995483288,1.0620139268503737,1.0083726194516984,0.9185162150428788,1.1288539060881757,1.0541287603545997,0.8000422807195023,0.9465104104245693,-0.06547986527355563,-2.58477986778596,False,1
50863,INTC,INTEL CORP,3674,Semiconductors & Related Devices,control,,2019,2019-12-28,71965000000.0,29825000000.0,42140000000.0,6150000000.0,13362000000.0,20105000000.0,,22035000000.0,21048000000.0,200000000.0,33145000000.0,7659000000.0,8744000000.0,31239000000.0,136524000000.0,55386000000.0,22310000000.0,59020000000.0,25308000000.0,77504000000.0,4194000000.0,,0.01576614724480585,0.5855624261793928,0.3061905092753422,0.2924755089279511,0.6938094907246578,38.84575835475579,1.121708023915639,1.054261129142052,0.9316730524504776,1.0157661472448059,1.1303481373027493,0.8969693601056069,1.0696966188552854,-0.08860713134686941,-2.757591681364277,False,1
50863,INTC,INTEL CORP,3674,Semiconductors & Related Devices,control,,2020,2020-12-26,77867000000.0,34255000000.0,43612000000.0,6180000000.0,13556000000.0,19934000000.0,,23678000000.0,20899000000.0,10482000000.0,35384000000.0,6782000000.0,8427000000.0,47249000000.0,153091000000.0,56584000000.0,24754000000.0,72053000000.0,33897000000.0,81038000000.0,5865000000.0,,0.08201208921003267,0.5600832188218372,0.30408260238611995,0.26839354283586114,0.69591739761388,31.790488910578294,0.8183773533329995,1.0454918242527464,0.8803275155545475,1.0820120892100327,0.02302092774853713,0.9287124042339862,1.0984078165517437,-0.09461692718709787,-3.173249137026819,False,1
50863,INTC,INTEL CORP,3674,Semiconductors & Related Devices,control,,2021,2021-12-25,79024000000.0,35209000000.0,43815000000.0,6543000000.0,15190000000.0,24359000000.0,,19456000000.0,19868000000.0,9953000000.0,29991000000.0,9457000000.0,10776000000.0,57718000000.0,168406000000.0,63245000000.0,27462000000.0,73015000000.0,33510000000.0,95391000000.0,4827000000.0,,0.014858669269395275,0.5544518121077141,0.2462036849564689,0.2514172909495849,0.7537963150435311,43.68046416278599,1.374010455946505,1.010156710810838,0.8755631362852518,1.0148586692693953,1.149441734395778,1.0432367541776666,0.9450333154624909,-0.06011068489246226,-2.42110090820466,False,1
50863,INTC,INTEL CORP,3674,Semiconductors & Related Devices,control,,2022,2022-12-31,63054000000.0,36188000000.0,26866000000.0,7002000000.0,17528000000.0,24532000000.0,,2334000000.0,8014000000.0,11128000000.0,15433000000.0,4133000000.0,13224000000.0,50407000000.0,182103000000.0,80860000000.0,32155000000.0,80680000000.0,37684000000.0,101423000000.0,11144000000.0,,-0.20209050415063778,0.426079233672725,0.03701589114092683,0.1270974085704317,0.9629841088590732,23.924651885685286,0.5477197265240632,1.3012880429032905,0.9909224957045893,0.7979094958493622,1.1240065672597663,1.3411938475564427,1.059273313954294,-0.040740679725210456,-3.175382407024787,False,0
50863,INTC,INTEL CORP,3674,Semiconductors & Related Devices,control,,2023,2023-12-30,54228000000.0,32517000000.0,21711000000.0,5634000000.0,16046000000.0,21618000000.0,54135000000.0,93000000.0,1689000000.0,7847000000.0,11471000000.0,3402000000.0,11127000000.0,43269000000.0,191572000000.0,,28053000000.0,85982000000.0,46978000000.0,105590000000.0,7079000000.0,,-0.13997525930155108,0.400365125027661,0.001714981190528878,0.031146271298959947,0.9982850188094711,22.898318211993807,0.9571014166226778,1.0642266447240813,,0.8600247406984489,,0.9355861654675972,1.021239935920973,-0.05106174179942789,,False,0
50863,INTC,INTEL CORP,3674,Semiconductors & Related Devices,control,,2024,2024-12-28,53101000000.0,35756000000.0,17345000000.0,5507000000.0,16546000000.0,29023000000.0,64779000000.0,-11678000000.0,-18756000000.0,9951000000.0,8288000000.0,3478000000.0,12198000000.0,47324000000.0,196485000000.0,,35666000000.0,97215000000.0,46282000000.0,99270000000.0,8249000000.0,,-0.02078262152393595,0.32664168283083184,-0.2199205288036007,-0.35321368712453627,1.2199205288036006,23.906706088397584,1.0440376392304478,1.2257012686130773,,0.979217378476064,,0.998203576085511,1.0648789842031336,-0.13763900552205002,,False,0
50863,INTC,INTEL CORP,3674,Semiconductors & Related Devices,control,,2025,2025-12-27,52853000000.0,34478000000.0,18375000000.0,4624000000.0,13774000000.0,20589000000.0,55067000000.0,-2214000000.0,-267000000.0,10757000000.0,9697000000.0,3839000000.0,11618000000.0,63688000000.0,211429000000.0,,31575000000.0,97148000000.0,44086000000.0,114281000000.0,14265000000.0,,-0.004670345191239322,0.34766238434904356,-0.04188976973870925,-0.005051747299112633,1.0418897697387093,26.511929313378616,1.108974578737361,0.9395370265392085,,0.9953296548087607,,0.8435985125630042,0.8580222771079231,-0.047126931499463176,,False,0
200406,JNJ,JOHNSON & JOHNSON,2834,Pharmaceutical Preparations,control,,2014,2014-12-28,74331000000.0,22746000000.0,51585000000.0,21954000000.0,8494000000.0,,,21590000000.0,16323000000.0,3895000000.0,18471000000.0,10985000000.0,8184000000.0,59311000000.0,131119000000.0,16126000000.0,25085000000.0,61367000000.0,15122000000.0,69752000000.0,14523000000.0,,0.04233509086829712,0.6939903943173104,0.29045754799478013,0.21959882148767002,0.7095424520052199,53.94149143695094,0.899755601691095,0.9894959658780752,0.9459453418598405,1.0423350908682971,1.0135148246841361,0.9648339246546442,1.043165729557104,-0.0163820651469276,-2.6450102638842425,False,1
200406,JNJ,JOHNSON & JOHNSON,2834,Pharmaceutical Preparations,control,,2015,2016-01-03,70074000000.0,21536000000.0,48538000000.0,21203000000.0,9046000000.0,,,,15409000000.0,3746000000.0,19279000000.0,10734000000.0,8053000000.0,60210000000.0,133411000000.0,15905000000.0,27747000000.0,62261000000.0,12857000000.0,71150000000.0,13732000000.0,,-0.0572708560358397,0.6926677512344094,,0.21989610982675456,,55.91103690384451,1.0365126253358354,1.0019094913550457,1.0113080554017535,0.9427291439641603,1.020560085695391,1.0244640435278576,0.9925242763266512,-0.029008102780130576,-2.627045079356095,False,1
200406,JNJ,JOHNSON & JOHNSON,2834,Pharmaceutical Preparations,control,,2016,2017-01-01,71890000000.0,21685000000.0,50205000000.0,19945000000.0,9095000000.0,,,,16540000000.0,3754000000.0,18767000000.0,11699000000.0,8144000000.0,65032000000.0,141208000000.0,15912000000.0,26287000000.0,70790000000.0,22442000000.0,70418000000.0,18972000000.0,,0.02591546079858431,0.6983586034218946,,0.23007372374460983,,59.39817777159549,1.0623694544200306,0.9918511032017068,0.9937244792928944,1.0259154607985843,0.9986306330496466,0.9169067133022555,1.1338380246044626,-0.01577106112968104,-2.5097646997351193,False,2
200406,JNJ,JOHNSON & JOHNSON,2834,Pharmaceutical Preparations,control,,2017,2017-12-31,76450000000.0,25439000000.0,51096000000.0,21420000000.0,10554000000.0,,,,1300000000.0,5642000000.0,21056000000.0,13490000000.0,8765000000.0,43088000000.0,157303000000.0,17005000000.0,30537000000.0,97143000000.0,30675000000.0,60160000000.0,17824000000.0,,0.06343024064543057,0.6683584041857423,,0.017004578155657292,,64.4061478090255,1.084311846344634,1.0466274966498175,1.448022417102318,1.0634302406454306,0.7662241423981844,1.009895459734676,1.1276423219044236,-0.12559201032402434,-2.798203250234202,False,0
200406,JNJ,JOHNSON & JOHNSON,2834,Pharmaceutical Preparations,control,,2018,2018-12-30,81581000000.0,27091000000.0,54490000000.0,22540000000.0,10775000000.0,,,,15297000000.0,6929000000.0,22201000000.0,14098000000.0,8599000000.0,46033000000.0,152954000000.0,17035000000.0,31230000000.0,93202000000.0,27684000000.0,59752000000.0,18107000000.0,,0.06711576193590574,0.6679251296257707,,0.18750689498780354,,63.0755935818389,0.9793411922238867,0.9989840728961736,0.9509491128706639,1.0671157619359057,0.8616108342319858,0.9861044314351997,0.9898242902652864,-0.045137753834486184,-2.6808886207967535,False,0
200406,JNJ,JOHNSON & JOHNSON,2834,Pharmaceutical Preparations,control,,2019,2019-12-29,82059000000.0,27556000000.0,54503000000.0,22178000000.0,11355000000.0,,,,15119000000.0,7009000000.0,23416000000.0,14481000000.0,9020000000.0,45274000000.0,157728000000.0,17658000000.0,35964000000.0,98257000000.0,26494000000.0,59471000000.0,17305000000.0,,0.005859207413490886,0.6641928368612827,,0.1842454819093579,,64.41176470588236,1.0211836472424125,1.005619290900705,1.0227041079427375,1.0058592074134909,1.0175869394523134,0.9782081384449366,1.0280674415516233,-0.052603215662406166,-2.692682987567,False,0
200406,JNJ,JOHNSON & JOHNSON,2834,Pharmaceutical Preparations,control,,2020,2021-01-03,82584000000.0,28427000000.0,54157000000.0,22084000000.0,12159000000.0,,,,14714000000.0,7231000000.0,23536000000.0,13576000000.0,9344000000.0,51237000000.0,174894000000.0,18766000000.0,42493000000.0,111616000000.0,32635000000.0,63278000000.0,13985000000.0,,0.006397835703579213,0.6557807807807807,,0.17817010558946042,,60.00242177661532,0.9315444476734798,1.0128275428726143,0.9978886878133069,1.0063978357035792,1.0215616921277462,0.9894313463216388,1.0847949132256343,-0.050441982000526034,-2.7908008335573635,False,0
200406,JNJ,JOHNSON & JOHNSON,2834,Pharmaceutical Preparations,control,,2021,2022-01-02,93775000000.0,29855000000.0,63920000000.0,24659000000.0,0.0,,,,20878000000.0,7390000000.0,23410000000.0,15283000000.0,10387000000.0,60979000000.0,182018000000.0,18962000000.0,45226000000.0,107995000000.0,29985000000.0,74023000000.0,14487000000.0,,0.13551051051051055,0.6816315649160224,,0.22263929618768327,,59.485950413223144,0.991392491367849,0.9620751363848203,0.9350831787297247,1.1355105105105106,0.991846056141692,0.9833464712495191,0.9619225549041953,-0.013910712127372018,-2.4640044504444774,False,4
200406,JNJ,JOHNSON & JOHNSON,2834,Pharmaceutical Preparations,control,,2022,2023-01-01,94943000000.0,31089000000.0,63854000000.0,24765000000.0,0.0,,,,17941000000.0,6970000000.0,21194000000.0,16160000000.0,12483000000.0,55294000000.0,187378000000.0,19803000000.0,55802000000.0,110574000000.0,26888000000.0,76804000000.0,14127000000.0,,0.012455345241269011,0.6725508989604289,,0.18896601118565876,,62.12569647051389,1.044375958338962,1.0135018271027958,1.068498982627847,1.012455345241269,1.0771969534626236,0.9919436329507371,1.0679904464183732,-0.017360629316141702,-2.486461312449377,False,4
200406,JNJ,JOHNSON & JOHNSON,2834,Pharmaceutical Preparations,control,,2023,2023-12-31,85159000000.0,26553000000.0,58606000000.0,21512000000.0,483000000.0,,,,35153000000.0,7486000000.0,22791000000.0,14873000000.0,11181000000.0,53495000000.0,167558000000.0,19898000000.0,46282000000.0,98784000000.0,25881000000.0,68774000000.0,21859000000.0,,-0.1030513044668907,0.6881950234267664,,0.41279254101151963,,63.747167063962706,1.0260998376769652,0.9772678907376575,0.9378570989384867,0.8969486955331093,0.9523197769066832,0.9684447614691855,0.9759217991695468,0.07377743826018453,-2.2319957179784966,False,0
200406,JNJ,JOHNSON & JOHNSON,2834,Pharmaceutical Preparations,control,,2024,2024-12-29,88821000000.0,27471000000.0,61350000000.0,22869000000.0,1841000000.0,,,,14066000000.0,7339000000.0,24266000000.0,14842000000.0,12444000000.0,55893000000.0,180104000000.0,20518000000.0,50321000000.0,108614000000.0,30651000000.0,71490000000.0,24105000000.0,,0.04300191406662823,0.6907150336069173,,0.1583634500850024,,60.99154479233515,0.9567726316549467,0.9963515921073972,1.0244758808582226,1.0430019140666282,1.0376488118873326,1.0192513136291443,1.0439076888358343,-0.056633944831874915,-2.7517792297254187,False,0
200406,JNJ,JOHNSON & JOHNSON,2834,Pharmaceutical Preparations,control,,2025,2025-12-28,94193000000.0,30256000000.0,63937000000.0,23676000000.0,109000000.0,,,,26804000000.0,7503000000.0,24530000000.0,17178000000.0,14191000000.0,55624000000.0,199210000000.0,23169000000.0,54126000000.0,117666000000.0,39438000000.0,81544000000.0,19709000000.0,,0.06048119251078021,0.6787871710212011,,0.2845646704107524,,66.56513753675964,1.091383039459019,1.0175723158818268,1.0499064085679202,1.0604811925107802,1.076985094248907,0.9762435691364978,1.0446868707941348,0.011415089603935545,-2.260800018676763,False,0
1637459,KHC,Kraft Heinz Co,2030,"Canned, Frozen & Preservd Fruit, Veg & Food Specialties",reference,Restated 2016-2018 results in 2019 over supplier-cost accounting; SEC settlement 2021,2014,2014-12-28,10922000000.0,7645000000.0,3277000000.0,1709000000.0,58000000.0,,,1568000000.0,657000000.0,530000000.0,2140000000.0,851000000.0,1185000000.0,4915000000.0,36763000000.0,2365000000.0,3092000000.0,20850000000.0,13597000000.0,7117000000.0,2298000000.0,,,0.3000366233290606,0.1435634499175975,0.06015381798205457,0.8564365500824025,28.43938839040469,,,,,,,,-0.04033947175148927,,False,0
1637459,KHC,Kraft Heinz Co,2030,"Canned, Frozen & Preservd Fruit, Veg & Food Specialties",reference,Restated 2016-2018 results in 2019 over supplier-cost accounting; SEC settlement 2021,2015,2016-01-03,18338000000.0,12577000000.0,5761000000.0,3122000000.0,105000000.0,,,2639000000.0,634000000.0,740000000.0,2467000000.0,871000000.0,2618000000.0,9780000000.0,122973000000.0,6524000000.0,6932000000.0,56737000000.0,,57685000000.0,4837000000.0,,0.6789965207837392,0.31415639655360456,0.1439088232086378,0.034573017777293054,0.8560911767913622,17.336405278656343,0.6095913540990763,0.9550549554952809,1.081602612122614,1.6789965207837392,1.7970965784437287,1.0880304248529704,0.12417364098700408,-0.014905711009733844,-1.9310983148616863,False,1
1637459,KHC,Kraft Heinz Co,2030,"Canned, Frozen & Preservd Fruit, Veg & Food Specialties",reference,Restated 2016-2018 results in 2019 over supplier-cost accounting; SEC settlement 2021,2016,2016-12-31,26300000000.0,17154000000.0,9586000000.0,3444000000.0,120000000.0,,,6142000000.0,3632000000.0,1337000000.0,5238000000.0,769000000.0,2684000000.0,8753000000.0,120480000000.0,6688000000.0,9501000000.0,62906000000.0,,57358000000.0,4204000000.0,,0.4341803904460684,0.3644866920152091,0.2335361216730038,0.13809885931558935,0.7664638783269963,10.672433460076046,0.6156082122292893,0.9033799725956484,1.0050951191063962,1.4341803904460684,0.6114620641254171,0.7691773090760287,1.398960889707184,-0.013330013280212483,-2.6931201856806917,False,5
1637459,KHC,Kraft Heinz Co,2030,"Canned, Frozen & Preservd Fruit, Veg & Food Specialties",reference,Restated 2016-2018 results in 2019 over supplier-cost accounting; SEC settlement 2021,2017,2017-12-30,26076000000.0,17043000000.0,9703000000.0,2930000000.0,93000000.0,,,6773000000.0,10999000000.0,1036000000.0,527000000.0,921000000.0,2815000000.0,7266000000.0,120232000000.0,7120000000.0,10132000000.0,53985000000.0,,66034000000.0,1629000000.0,,-0.008517110266159644,0.3721046172725878,0.2597407577849363,0.42180549163982206,0.7402592422150637,12.891739530602853,1.2079475200130219,1.0038860300570909,1.0097613867466546,0.9914828897338404,1.3116073082428221,0.8580631546240516,1.0686137313771,0.08709827666511412,-1.8449459956212968,False,5
1637459,KHC,Kraft Heinz Co,2030,"Canned, Frozen & Preservd Fruit, Veg & Food Specialties",reference,Restated 2016-2018 results in 2019 over supplier-cost accounting; SEC settlement 2021,2018,2018-12-29,26268000000.0,17347000000.0,8921000000.0,19141000000.0,109000000.0,,,-10220000000.0,-10192000000.0,983000000.0,2574000000.0,2129000000.0,2667000000.0,9075000000.0,103461000000.0,7078000000.0,7503000000.0,51683000000.0,,51657000000.0,1130000000.0,,0.007363092498849477,0.3396147403685092,-0.38906654484543934,-0.38800060910613676,1.3890665448454393,29.582952641997867,2.2947215596291595,1.0200101798612384,0.9585681375503431,1.0073630924988495,1.041640702137415,6.485014741719768,0.8605639816606545,-0.12338948975942626,-2.758839083512514,False,0
1637459,KHC,Kraft Heinz Co,2030,"Canned, Frozen & Preservd Fruit, Veg & Food Specialties",reference,Restated 2016-2018 results in 2019 over supplier-cost accounting; SEC settlement 2021,2019,2019-12-28,24977000000.0,16830000000.0,8147000000.0,5077000000.0,112000000.0,,,3070000000.0,1935000000.0,994000000.0,3552000000.0,1973000000.0,2721000000.0,8097000000.0,101450000000.0,7055000000.0,7875000000.0,49701000000.0,,51623000000.0,2279000000.0,,-0.04914725140855791,0.3261800856788245,0.12291308003363094,0.07747127357168596,0.877086919966369,28.832325739680503,0.9746263697406686,1.0411878446279925,1.008025019225175,0.9508527485914421,0.9874614265421333,0.27895186794252885,1.07038554711186,-0.01593888615081321,-2.4972095778034706,False,0
1637459,KHC,Kraft Heinz Co,2030,"Canned, Frozen & Preservd Fruit, Veg & Food Specialties",reference,Restated 2016-2018 results in 2019 over supplier-cost accounting; SEC settlement 2021,2020,2020-12-26,26185000000.0,17008000000.0,9177000000.0,7049000000.0,119000000.0,,,2128000000.0,356000000.0,969000000.0,4929000000.0,2063000000.0,2554000000.0,10822000000.0,99830000000.0,,8061000000.0,49587000000.0,,50103000000.0,3417000000.0,,0.048364495335708746,0.3504678250907008,0.08126790147030742,0.013595569982814588,0.9187320985296926,28.756730952835593,0.9973781238625202,0.9306990894083055,,1.0483644953357087,,1.3243660611121855,1.0402299146644534,-0.04580787338475408,,False,0
1637459,KHC,Kraft Heinz Co,2030,"Canned, Frozen & Preservd Fruit, Veg & Food Specialties",reference,Restated 2016-2018 results in 2019 over supplier-cost accounting; SEC settlement 2021,2021,2021-12-25,26042000000.0,17360000000.0,8682000000.0,5222000000.0,140000000.0,,,3460000000.0,1012000000.0,910000000.0,5364000000.0,1957000000.0,2729000000.0,8994000000.0,93394000000.0,,9064000000.0,43942000000.0,,49298000000.0,3445000000.0,,-0.0054611418751193685,0.33338453267798174,0.13286229936256816,0.03886030258812687,0.8671377006374319,27.42896090930036,0.9538275040472115,1.0512420065666932,,0.9945388581248806,,0.7448822073150949,1.2019131049320042,-0.046598282544917234,,False,0
1637459,KHC,Kraft Heinz Co,2030,"Canned, Frozen & Preservd Fruit, Veg & Food Specialties",reference,Restated 2016-2018 results in 2019 over supplier-cost accounting; SEC settlement 2021,2022,2022-12-31,26485000000.0,18363000000.0,8122000000.0,4488000000.0,127000000.0,,,3634000000.0,2363000000.0,933000000.0,2469000000.0,2120000000.0,3651000000.0,7897000000.0,90513000000.0,,9028000000.0,41643000000.0,,48678000000.0,1040000000.0,,0.0170109822594271,0.30666414951859544,0.13720974136303568,0.08922031338493487,0.8627902586369643,29.216537662828017,1.0651711437206337,1.0871323994061002,,1.017010982259427,,0.8450654341606831,1.0277315057823442,-0.0011711024935644604,,False,0
1637459,KHC,Kraft Heinz Co,2030,"Canned, Frozen & Preservd Fruit, Veg & Food Specialties",reference,Restated 2016-2018 results in 2019 over supplier-cost accounting; SEC settlement 2021,2023,2023-12-30,26640000000.0,17714000000.0,8926000000.0,4354000000.0,147000000.0,,,4572000000.0,2855000000.0,961000000.0,3976000000.0,2112000000.0,3614000000.0,7929000000.0,90339000000.0,,8037000000.0,40617000000.0,,49526000000.0,1400000000.0,,0.005852369265622048,0.33506006006006006,0.17162162162162162,0.10716966966966968,0.8283783783783784,28.936936936936934,0.9904300526942035,0.9152512820048603,,1.005852369265622,,0.9644980040200628,0.8919450478960206,-0.012408815683149027,,False,0
1637459,KHC,Kraft Heinz Co,2030,"Canned, Frozen & Preservd Fruit, Veg & Food Specialties",reference,Restated 2016-2018 results in 2019 over supplier-cost accounting; SEC settlement 2021,2024,2024-12-28,25846000000.0,16878000000.0,8968000000.0,7285000000.0,150000000.0,,,1683000000.0,2744000000.0,948000000.0,4184000000.0,2147000000.0,3376000000.0,7655000000.0,88287000000.0,,7253000000.0,38962000000.0,,49185000000.0,1334000000.0,,-0.029804804804804852,0.34697825582295133,0.06511645902654183,0.1061672986148727,0.9348835409734582,30.320165596223784,1.0478014885369988,0.9656514621222472,,0.9701951951951951,,1.724574705249506,0.923426276208612,-0.016310442080940568,,False,0
1637459,KHC,Kraft Heinz Co,2030,"Canned, Frozen & Preservd Fruit, Veg & Food Specialties",reference,Restated 2016-2018 results in 2019 over supplier-cost accounting; SEC settlement 2021,2025,2025-12-27,24942000000.0,16633000000.0,8309000000.0,12978000000.0,167000000.0,,,-4669000000.0,-5846000000.0,968000000.0,4462000000.0,2254000000.0,3167000000.0,10127000000.0,81786000000.0,,8778000000.0,39997000000.0,,41664000000.0,2615000000.0,,-0.03497639866903968,0.33313286825435007,-0.18719429075455055,-0.2343837703472055,1.1871942907545505,32.98492502606046,1.087887363984864,1.041561157387899,,0.9650236013309603,,1.8460364793059778,1.306458715895875,-0.1260362409214291,,False,0
21344,KO,COCA COLA CO,2080,Beverages,control,,2014,2014-12-31,45998000000.0,17889000000.0,28109000000.0,17218000000.0,,,,9708000000.0,7098000000.0,1976000000.0,10615000000.0,4466000000.0,3100000000.0,32986000000.0,92023000000.0,14633000000.0,32374000000.0,61703000000.0,19063000000.0,30320000000.0,8958000000.0,,-0.018269518077432045,0.6110917865994173,0.21105265446323754,0.15431105700247838,0.7889473455367625,35.43827992521414,0.9335337673431086,0.9930464546054423,0.9924716318120161,0.981730481922568,0.9807250569152779,1.0131957511829124,1.0717975191235913,-0.03821870619301696,-2.7709476795744257,False,0
21344,KO,COCA COLA CO,2080,Beverages,control,,2015,2015-12-31,44294000000.0,17482000000.0,26812000000.0,16427000000.0,,,,8728000000.0,7351000000.0,1970000000.0,10528000000.0,3941000000.0,2902000000.0,33395000000.0,90093000000.0,12571000000.0,26930000000.0,64539000000.0,28407000000.0,25554000000.0,7309000000.0,,-0.037045088916909386,0.6053190048313541,0.19704700410890866,0.16595927213618097,0.8029529958910914,32.47539170090757,0.9163930012811234,1.0095367594970384,1.015050495174744,0.9629549110830906,0.8781556571524276,0.9907625933252057,1.0988674740184259,-0.03526356098698012,-2.7885979804117276,False,0
21344,KO,COCA COLA CO,2080,Beverages,control,,2016,2016-12-31,41863000000.0,16465000000.0,25398000000.0,15262000000.0,,,,8626000000.0,6527000000.0,1787000000.0,8796000000.0,3856000000.0,2675000000.0,34010000000.0,87270000000.0,10635000000.0,26532000000.0,64208000000.0,29684000000.0,23062000000.0,8555000000.0,,-0.054883279902469884,0.606693261352507,0.20605307789694957,0.15591333635907603,0.7939469221030504,33.620141891407684,1.03524977315264,0.9977348412967548,0.9972087074867962,0.9451167200975301,0.9417571456384428,0.9830322045199105,1.0487462051095742,-0.02599977082617165,-2.640222184538714,False,1
21344,KO,COCA COLA CO,2080,Beverages,control,,2017,2017-12-31,35410000000.0,13255000000.0,22154000000.0,12496000000.0,,,,7501000000.0,1248000000.0,1260000000.0,6995000000.0,3667000000.0,2655000000.0,36545000000.0,87896000000.0,8203000000.0,27194000000.0,70824000000.0,31182000000.0,17072000000.0,6006000000.0,,-0.15414566562358167,0.6256424738774358,0.21183281558881673,0.035244281276475574,0.7881671844111833,37.798785653770125,1.1242898907404781,0.969668624892452,1.0050603552532225,0.8458543343764183,1.080416784864539,0.9679746597609721,1.0310275191132712,-0.0653840902885228,-2.818443685218981,False,6
21344,KO,COCA COLA CO,2080,Beverages,control,,2018,2018-12-31,31856000000.0,11770000000.0,20086000000.0,10307000000.0,,,,8700000000.0,6434000000.0,1086000000.0,7320000000.0,3396000000.0,2766000000.0,30634000000.0,83216000000.0,8232000000.0,29223000000.0,66235000000.0,25364000000.0,16981000000.0,8926000000.0,,-0.10036712792996327,0.630524861878453,0.2731039678553491,0.2019713711702662,0.7268960321446509,38.91072325464591,1.029417283694268,0.9923014179384478,1.085663480222612,0.8996328720700367,1.1424431180935577,0.9168450478738833,0.9876820676161068,-0.010646990963276292,-2.5270260789145502,False,6
21344,KO,COCA COLA CO,2080,Beverages,control,,2019,2019-12-31,37266000000.0,14619000000.0,22647000000.0,12103000000.0,,,,10086000000.0,8920000000.0,1365000000.0,10471000000.0,3971000000.0,3379000000.0,20411000000.0,86381000000.0,10838000000.0,26973000000.0,67400000000.0,27516000000.0,18981000000.0,6480000000.0,,0.1698267202410848,0.6077121236515859,0.27064884881661566,0.23936027478130198,0.7293511511833843,38.89376375248215,0.9995641432298041,1.0375387248978862,1.1975640004031847,1.1698267202410848,1.0419360849496073,1.0037815764035314,0.9616304786684055,-0.017955337400585778,-2.2965732224586737,False,0
21344,KO,COCA COLA CO,2080,Beverages,control,,2020,2020-12-31,33014000000.0,13433000000.0,19581000000.0,9731000000.0,,,,8997000000.0,7747000000.0,1536000000.0,9844000000.0,3144000000.0,3266000000.0,19240000000.0,87296000000.0,10777000000.0,14601000000.0,67997000000.0,40125000000.0,19299000000.0,6795000000.0,,-0.11409864219395693,0.5931120130853578,0.2725207487732477,0.23465802386866177,0.7274792512267523,34.759798873205305,0.893711369627656,1.0246161100165188,1.0280531376372923,0.8859013578060431,0.8966825204355486,0.9075677853457705,0.9938223321722661,-0.024021719208211143,-2.761591451110313,False,0
21344,KO,COCA COLA CO,2080,Beverages,control,,2021,2021-12-31,38655000000.0,15357000000.0,23298000000.0,12144000000.0,,,,10308000000.0,9771000000.0,1452000000.0,12625000000.0,3512000000.0,3414000000.0,22545000000.0,94354000000.0,9920000000.0,19950000000.0,71355000000.0,38116000000.0,22999000000.0,9684000000.0,,0.17086690494941537,0.6027163368257664,0.26666666666666666,0.2527745440434614,0.7333333333333333,33.1620747639374,0.9540352890102733,0.9840649354371407,0.999659428058474,1.1708669049494154,0.9770067650061448,1.0658516340231308,0.9816625694882772,-0.030247790236767918,-2.5279293338660116,False,0
21344,KO,COCA COLA CO,2080,Beverages,control,,2022,2022-12-31,43004000000.0,18000000000.0,25004000000.0,12880000000.0,,,,10909000000.0,9542000000.0,1260000000.0,11018000000.0,3487000000.0,4233000000.0,22591000000.0,92763000000.0,9841000000.0,19724000000.0,68658000000.0,36377000000.0,24105000000.0,9519000000.0,,0.11250808433579107,0.5814342851827737,0.2536740768300623,0.2218863361547763,0.7463259231699377,29.59620035345549,0.8924713114042047,1.0366026775258061,0.9915453659096463,1.112508084335791,1.124919183290622,0.9533468345439324,0.9827300214806117,-0.015911516445134374,-2.5090712926535623,False,0
21344,KO,COCA COLA CO,2080,Beverages,control,,2023,2023-12-31,45754000000.0,18520000000.0,27234000000.0,13972000000.0,,,,11311000000.0,10714000000.0,1128000000.0,11599000000.0,3410000000.0,4424000000.0,26732000000.0,97703000000.0,9236000000.0,23571000000.0,71762000000.0,35547000000.0,25941000000.0,9366000000.0,,0.06394753976374301,0.5952266468505486,0.24721335839489444,0.23416531887922368,0.7527866416051056,27.203086068977576,0.9191411648827243,0.9768283867317554,0.9715335775026309,1.063947539763743,1.0428617701682998,1.0195827972275173,1.0004975211792573,-0.009058063723734173,-2.5620684764759525,False,0
21344,KO,COCA COLA CO,2080,Beverages,control,,2024,2024-12-31,47061000000.0,18324000000.0,28737000000.0,14582000000.0,,,,9992000000.0,10631000000.0,1075000000.0,6805000000.0,3569000000.0,4728000000.0,25997000000.0,100549000000.0,10303000000.0,25249000000.0,75693000000.0,,24856000000.0,10828000000.0,,0.028565808453905772,0.6106330082233696,0.21232018019166612,0.22589830220352308,0.7876798198083339,27.680776014109345,1.0175601379902455,0.9747698516697522,1.0112652022296031,1.0285658084539058,1.1519646719862136,1.0146737695202381,0.4150062072480313,0.03805109946394295,-2.062848234983085,False,0
21344,KO,COCA COLA CO,2080,Beverages,control,,2025,2025-12-31,47941000000.0,18397000000.0,29544000000.0,14521000000.0,,,,13762000000.0,13107000000.0,1050000000.0,7408000000.0,3038000000.0,4425000000.0,31044000000.0,104816000000.0,9613000000.0,21281000000.0,72647000000.0,,32169000000.0,10270000000.0,,0.018699135164998548,0.6162574831563797,0.28706117936630443,0.2733985523873094,0.7129388206336956,23.129888821676644,0.8355939446887962,0.9908731738165638,0.9579467920884979,1.0186991351649985,0.9594727502532038,0.9775376517112966,0.8085335079400501,0.05437147000457945,-2.320165861300424,False,0
60667,LOW,LOWES COMPANIES INC,5211,Retail-Lumber & Other Building Materials Dealers,control,,2014,2014-01-31,53417000000.0,34941000000.0,18476000000.0,12865000000.0,,14803000000.0,,,2286000000.0,1562000000.0,4111000000.0,,9127000000.0,10296000000.0,32732000000.0,20834000000.0,8876000000.0,20879000000.0,,11853000000.0,391000000.0,892000000.0,0.057322697492131924,0.3458823969897224,,0.04279536477151469,,,,0.991569083104902,1.137914424618698,1.057322697492132,1.0073861349917688,0.9937540562261247,1.1492089584638272,-0.05575583526823903,,False,0
60667,LOW,LOWES COMPANIES INC,5211,Retail-Lumber & Other Building Materials Dealers,control,,2015,2015-01-30,56223000000.0,36665000000.0,19558000000.0,13281000000.0,,15282000000.0,,4792000000.0,2698000000.0,1586000000.0,4929000000.0,,8911000000.0,10080000000.0,31827000000.0,20034000000.0,9348000000.0,21859000000.0,,9968000000.0,466000000.0,979000000.0,0.05253009341595383,0.3478647528591502,0.08523202248190243,0.04798747843409281,0.9147679775180976,,,0.9943013603616505,1.0996935798392264,1.0525300934159538,0.9507428704504295,0.980813566519184,1.083124173184306,-0.07009771577591353,,False,0
60667,LOW,LOWES COMPANIES INC,5211,Retail-Lumber & Other Building Materials Dealers,control,,2016,2016-01-29,59074000000.0,38504000000.0,20570000000.0,14115000000.0,,16151000000.0,,4971000000.0,2546000000.0,1587000000.0,4784000000.0,,9458000000.0,10561000000.0,31266000000.0,19577000000.0,10492000000.0,23612000000.0,,7654000000.0,405000000.0,1078000000.0,0.05070878466108186,0.3482073331753394,0.08414869485729763,0.0430984866438704,0.9158513051427024,,,0.9990161599611783,0.670309102965202,1.0507087846610819,0.9782915886303318,1.0115043213536856,1.1425177574806986,-0.07157935137209749,,False,0
60667,LOW,LOWES COMPANIES INC,5211,Retail-Lumber & Other Building Materials Dealers,control,,2017,2017-02-03,65017000000.0,42553000000.0,22464000000.0,15129000000.0,,,,5846000000.0,3091000000.0,1590000000.0,5617000000.0,,10458000000.0,12000000000.0,34408000000.0,19949000000.0,11974000000.0,27974000000.0,,6434000000.0,558000000.0,1253000000.0,0.1006026339844941,0.3455096359413692,0.0899149453219927,0.04754141224602796,0.9100850546780073,,,1.0078078784304239,1.9808989559577919,1.100602633984494,1.0157985436287325,0.9738650777462813,1.0370360788166633,-0.07341315973029527,,False,3
60667,LOW,LOWES COMPANIES INC,5211,Retail-Lumber & Other Building Materials Dealers,control,,2018,2018-02-02,68619000000.0,45210000000.0,23409000000.0,15376000000.0,,,,6586000000.0,3447000000.0,1540000000.0,5065000000.0,,11393000000.0,12772000000.0,35291000000.0,19721000000.0,12096000000.0,29418000000.0,,5873000000.0,588000000.0,1378000000.0,0.055400895150499174,0.34114458094696803,0.0959792477302205,0.05023390023171425,0.9040207522697795,,,1.0127953226819093,1.1093910204714157,1.0554008951504992,1.019141659677432,0.9629765006771732,0.9849132709244781,-0.04584738318551472,,False,3
60667,LOW,LOWES COMPANIES INC,5211,Retail-Lumber & Other Building Materials Dealers,control,,2019,2019-02-01,71309000000.0,48401000000.0,22908000000.0,17413000000.0,,,,4018000000.0,2314000000.0,1607000000.0,6193000000.0,,12561000000.0,14228000000.0,34508000000.0,18432000000.0,14497000000.0,30864000000.0,,3644000000.0,511000000.0,1299000000.0,0.03920197029977124,0.3212497721185264,0.05634632374595072,0.03245032183875808,0.9436536762540493,,,1.0619294099330951,0.6754581279098412,1.0392019702997712,0.9032276041038765,1.0897585076929706,1.2256896984971815,-0.11240871681928828,,False,0
60667,LOW,LOWES COMPANIES INC,5211,Retail-Lumber & Other Building Materials Dealers,control,,2020,2020-01-31,72148000000.0,49205000000.0,22943000000.0,15367000000.0,,,,6314000000.0,4281000000.0,1410000000.0,4296000000.0,,13179000000.0,15318000000.0,39471000000.0,18669000000.0,15182000000.0,37499000000.0,,1972000000.0,716000000.0,1219000000.0,0.01176569577472697,0.3179991129345235,0.08751455341797416,0.059336364140378114,0.9124854465820258,,,1.0102222272068797,2.5944012158194707,1.011765695774727,1.1419913084379079,0.8722390796261394,0.9155720116272406,-0.00038002584175723947,,False,0
60667,LOW,LOWES COMPANIES INC,5211,Retail-Lumber & Other Building Materials Dealers,control,,2021,2021-01-29,89597000000.0,60025000000.0,29572000000.0,18526000000.0,,,,9647000000.0,5835000000.0,1594000000.0,11049000000.0,,16193000000.0,22326000000.0,46735000000.0,19155000000.0,18730000000.0,45298000000.0,,1437000000.0,4690000000.0,1608000000.0,0.2418500859344681,0.33005569382903444,0.10767101577061731,0.06512494837996807,0.8923289842293827,,,0.963471071337566,0.8091490055550884,1.241850085934468,0.9140835356552407,0.9707857588750229,1.0419447066404182,-0.11156520808815663,,False,0
60667,LOW,LOWES COMPANIES INC,5211,Retail-Lumber & Other Building Materials Dealers,control,,2022,2022-01-28,96250000000.0,64194000000.0,32056000000.0,18301000000.0,,,,12093000000.0,8442000000.0,1882000000.0,10113000000.0,,17605000000.0,20060000000.0,44640000000.0,19071000000.0,19668000000.0,49456000000.0,24285000000.0,-4816000000.0,1133000000.0,1914000000.0,0.07425471834994468,0.33304935064935065,0.12564155844155844,0.0877090909090909,0.8743584415584416,,,0.9910113716946769,1.0977432239713587,1.0742547183499447,0.8552985588745069,0.919572322786789,2.4567943620148234,-0.03743279569892473,,False,0
60667,LOW,LOWES COMPANIES INC,5211,Retail-Lumber & Other Building Materials Dealers,control,,2023,2023-02-03,97059000000.0,64802000000.0,32257000000.0,20332000000.0,,,,10159000000.0,6437000000.0,1981000000.0,8589000000.0,,18532000000.0,21442000000.0,43708000000.0,17567000000.0,19511000000.0,57962000000.0,33270000000.0,-14254000000.0,1348000000.0,1603000000.0,0.00840519480519486,0.33234424422258624,0.10466829454249477,0.06632048547790519,0.8953317054575052,,,1.0021216146782195,0.8711559840438815,1.0084051948051949,0.8863214521633271,1.1017173929031856,1.2264570461799162,-0.049235837832891004,,False,0
60667,LOW,LOWES COMPANIES INC,5211,Retail-Lumber & Other Building Materials Dealers,control,,2024,2024-02-02,86377000000.0,57533000000.0,28844000000.0,15570000000.0,,,,11557000000.0,7726000000.0,1923000000.0,8140000000.0,,16894000000.0,19071000000.0,41795000000.0,17653000000.0,15568000000.0,56845000000.0,35770000000.0,-15050000000.0,921000000.0,1408000000.0,-0.11005676959375221,0.3339314863910532,0.1337971913819651,0.08944510691503525,0.8662028086180349,,,0.9952468029127143,1.1285603041079946,0.8899432304062478,1.0316367801018569,0.8604907530672556,1.0171802901401419,-0.009905491087450652,,False,0
60667,LOW,LOWES COMPANIES INC,5211,Retail-Lumber & Other Building Materials Dealers,control,,2025,2025-01-31,83674000000.0,55797000000.0,27877000000.0,15682000000.0,,,,10466000000.0,6957000000.0,1972000000.0,9625000000.0,94000000.0,17409000000.0,20358000000.0,43102000000.0,,18757000000.0,57333000000.0,35319000000.0,-14231000000.0,1761000000.0,1358000000.0,-0.03129305254871084,0.33316203360661617,0.12508067022014008,0.08314410689102947,0.87491932977986,0.4100437411860315,,1.0023095452267097,,0.9687069474512892,,1.0397296345794653,1.0213921617779211,-0.061899679829242264,,False,0
60667,LOW,LOWES COMPANIES INC,5211,Retail-Lumber & Other Building Materials Dealers,control,,2026,2026-01-30,86286000000.0,57401000000.0,28885000000.0,16791000000.0,,,,10153000000.0,6654000000.0,2194000000.0,9864000000.0,1090000000.0,17300000000.0,20955000000.0,54144000000.0,,19463000000.0,64061000000.0,39819000000.0,-9917000000.0,982000000.0,1477000000.0,0.031216387408274926,0.334758825301903,0.11766682891778504,0.0771156386899381,0.882333171082215,4.61082910321489,11.244724989286002,0.995230023603271,,1.031216387408275,,1.038305862605261,0.872700798243939,-0.059286347517730494,,False,0
63276,MAT,MATTEL INC /DE/,3942,Dolls & Stuffed Toys,reference,Restated 2017-2018 interim results in 2019 (tax valuation allowance error),2014,2014-12-31,6023819000.0,3022797000.0,3001022000.0,,209467000.0,,,653714000.0,498874000.0,248701000.0,888564000.0,1093180000.0,562047000.0,3185951000.0,6722046000.0,737869000.0,1088949000.0,3772975000.0,2100000000.0,2949071000.0,971650000.0,,-0.07109956495805947,0.49819259177608094,0.10852152098195514,0.08281689738685707,0.8914784790180449,66.23882623299272,0.933933118810494,1.0768118101633415,1.1158728509158384,0.9289004350419405,0.9104197077074773,,1.15393305079457,-0.057971932950176185,,False,0
63276,MAT,MATTEL INC /DE/,3942,Dolls & Stuffed Toys,reference,Restated 2017-2018 interim results in 2019 (tax valuation allowance error),2015,2015-12-31,5702613000.0,2896255000.0,2806358000.0,,217816000.0,,,540922000.0,369416000.0,265427000.0,734557000.0,1145099000.0,587521000.0,3196863000.0,6552689000.0,741147000.0,1645572000.0,3919435000.0,1800000000.0,2633254000.0,892814000.0,,-0.053322651294801515,0.49211791156089324,0.09485511291052014,0.06478012798694213,0.9051448870894798,73.29291589662493,1.1064947865896613,1.01234395268386,0.9585560555815642,0.9466773487051985,0.955983147102196,,1.1083978626908866,-0.05572384100634106,,False,0
63276,MAT,MATTEL INC /DE/,3942,Dolls & Stuffed Toys,reference,Restated 2017-2018 interim results in 2019 (tax valuation allowance error),2016,2016-12-31,5456650000.0,2902259000.0,2554391000.0,,215304000.0,,,519233000.0,318022000.0,262340000.0,594509000.0,1115217000.0,613798000.0,2940064000.0,6493794000.0,773965000.0,1505573000.0,4086012000.0,2134271000.0,2407782000.0,869531000.0,,-0.04313163106105922,0.46812439866951333,0.09515600230910908,0.05828154637002556,0.904843997690891,74.59782192370777,1.017803985707477,1.0512545660076114,1.0727802073421013,0.9568683689389408,1.0416515621948184,,1.0659638819615418,-0.0425771128557512,,False,1
63276,MAT,MATTEL INC /DE/,3942,Dolls & Stuffed Toys,reference,Restated 2017-2018 interim results in 2019 (tax valuation allowance error),2017,2017-12-31,4881951000.0,3061122000.0,1820829000.0,,225245000.0,,,-342823000.0,-1053836000.0,274767000.0,-27614000.0,1128610000.0,600704000.0,3111588000.0,6238503000.0,785285000.0,1623803000.0,4981048000.0,2873119000.0,1257455000.0,1079221000.0,,-0.10532084703985045,0.3729715845161084,-0.07022254012791197,-0.21586369875486255,1.070222540127912,84.38074245317088,1.1311421738220218,1.2551208137661634,0.8768560652031883,0.8946791529601495,0.9766512683641847,,1.286028826236096,-0.1644981175772457,,False,1
63276,MAT,MATTEL INC /DE/,3942,Dolls & Stuffed Toys,reference,Restated 2017-2018 interim results in 2019 (tax valuation allowance error),2018,2018-12-31,4510852000.0,2716127000.0,1794725000.0,,205368000.0,,,-236507000.0,-530993000.0,271932000.0,-27317000.0,970083000.0,542889000.0,2352440000.0,5243465000.0,657595000.0,1252608000.0,4574000000.0,2851723000.0,669465000.0,594481000.0,,-0.07601448683118694,0.3978682962775103,-0.05243067163365147,-0.11771456922106954,1.0524306716336516,78.49521442955788,0.9302503408656387,0.9374247408141396,1.1347915330277714,0.923985513168813,0.8860109609911582,,1.0858980117947572,-0.09605785487268438,,False,1
63276,MAT,MATTEL INC /DE/,3942,Dolls & Stuffed Toys,reference,Restated 2017-2018 interim results in 2019 (tax valuation allowance error),2019,2019-12-31,4504571000.0,2523792000.0,1980779000.0,,197226000.0,,,39240000.0,-213512000.0,244518000.0,180977000.0,936359000.0,495504000.0,2247974000.0,5325226000.0,550139000.0,1276907000.0,4833512000.0,2846751000.0,491714000.0,630028000.0,,-0.001392419879880813,0.43972644675819295,0.008711151405982945,-0.04739896429648906,0.991288848594017,75.87204974680164,0.9665818521317591,0.9048086582254158,1.1141217333333375,0.9986075801201192,0.9507518651606599,,0.9892831027677509,-0.07407929729179569,,False,3
63276,MAT,MATTEL INC /DE/,3942,Dolls & Stuffed Toys,reference,Restated 2017-2018 interim results in 2019 (tax valuation allowance error),2020,2020-12-31,4583660000.0,2340066000.0,2243594000.0,,189494000.0,,,380885000.0,126628000.0,199899000.0,288502000.0,1033966000.0,514673000.0,2482890000.0,5521089000.0,473794000.0,1355379000.0,4924746000.0,2854664000.0,596343000.0,762181000.0,,0.017557498816202388,0.48947653185445694,0.08309625932115383,0.027625958295336043,0.9169037406788462,82.33542409341007,1.0851878177560492,0.8983606325153565,0.9787578287465329,1.0175574988162024,1.0370090220580868,,0.9847300428632777,-0.02931921582861642,,False,4
63276,MAT,MATTEL INC /DE/,3942,Dolls & Stuffed Toys,reference,Restated 2017-2018 interim results in 2019 (tax valuation allowance error),2021,2021-12-31,5457741000.0,2831079000.0,2626662000.0,,189372000.0,,,729562000.0,902987000.0,184313000.0,485463000.0,1072684000.0,777184000.0,2874529000.0,6393894000.0,455966000.0,1598253000.0,4825045000.0,2570992000.0,1568849000.0,731362000.0,,0.19069499046613414,0.4812727463615441,0.13367471999862213,0.16545068738146423,0.8663252800013779,71.7384097193326,0.8712945917172286,1.017046021315219,1.0315167087470185,1.1906949904661341,1.0307702527473992,,0.855126176418694,0.06530042568738237,,False,0
63276,MAT,MATTEL INC /DE/,3942,Dolls & Stuffed Toys,reference,Restated 2017-2018 interim results in 2019 (tax valuation allowance error),2022,2022-12-31,5434687000.0,2953335000.0,2481352000.0,,195451000.0,,,675515000.0,393913000.0,182179000.0,442842000.0,860221000.0,894064000.0,2729035000.0,6177661000.0,469132000.0,1187748000.0,4121392000.0,2325644000.0,2056269000.0,761235000.0,46824000.0,-0.00422409198237883,0.45657680009906737,0.12429694663188515,0.07248126709045065,0.8757030533681148,57.77345871068564,0.8053350908769367,1.054089358585715,1.0066541966648777,0.9957759080176212,1.0291455707080301,,0.8721888912983838,-0.007920311587184859,,False,0
63276,MAT,MATTEL INC /DE/,3942,Dolls & Stuffed Toys,reference,Restated 2017-2018 interim results in 2019 (tax valuation allowance error),2023,2023-12-31,5441219000.0,2857503000.0,2583716000.0,,198603000.0,,,561659000.0,214352000.0,177344000.0,869791000.0,1081827000.0,571609000.0,3122347000.0,6435822000.0,465523000.0,1342480000.0,4286609000.0,2329986000.0,2149213000.0,1261363000.0,56900000.0,0.0012019091439856577,0.47484139123972036,0.10322300940285624,0.03939411370871123,0.8967769905971438,72.5695574833507,1.256105469585265,0.9615353853357905,0.9175087164128878,1.0012019091439857,1.0139453174950395,,1.0033471567330237,-0.10184231322743233,,False,0
63276,MAT,MATTEL INC /DE/,3942,Dolls & Stuffed Toys,reference,Restated 2017-2018 interim results in 2019 (tax valuation allowance error),2024,2024-12-31,5379546000.0,2645478000.0,2734068000.0,,194069000.0,,,694282000.0,541817000.0,167963000.0,800566000.0,1003178000.0,501732000.0,3126917000.0,6544084000.0,516049000.0,1315723000.0,4279959000.0,2334351000.0,2264125000.0,1387908000.0,,-0.011334408705108157,0.5082339662120187,0.12905958978694484,0.10071797880341575,0.8709404102130551,68.06521777116507,0.9379307264865293,0.934296845169203,1.0018158234945138,0.9886655912948918,1.1234285712132575,,0.9774601128253958,-0.039539376328298965,,False,0
63276,MAT,MATTEL INC /DE/,3942,Dolls & Stuffed Toys,reference,Restated 2017-2018 interim results in 2019 (tax valuation allowance error),2025,2025-12-31,5347623000.0,2741966000.0,2605657000.0,,227418000.0,,,546424000.0,397584000.0,167985000.0,593255000.0,1097604000.0,563142000.0,3130789000.0,6640382000.0,590015000.0,1458182000.0,4407334000.0,2331675000.0,2233048000.0,1242927000.0,56335000.0,-0.0059341438850044614,0.4872551786092625,0.1021807259038268,0.07434779901275763,0.8978192740961732,74.91654890406448,1.10065832972038,1.0430550326065993,0.9917689112506943,0.9940658561149955,1.108022562808513,,1.0232386964343443,-0.02946682886617065,,False,0
63908,MCD,MCDONALDS CORP,5812,Retail-Eating  Places,control,,2014,2014-12-31,27441300000.0,,,2487900000.0,,,19492100000.0,7949200000.0,4757800000.0,1644500000.0,6730300000.0,1214400000.0,110000000.0,4185500000.0,34281400000.0,24557500000.0,2747900000.0,21428000000.0,14989700000.0,12853400000.0,2077900000.0,,-0.023639332946697622,,0.28968015363703614,0.17338099871361778,0.7103198463629639,16.15287905456374,0.9424175369947131,,1.015154660354006,0.9763606670533024,0.9240159387447556,1.0681322271103342,1.095439188290679,-0.05753849026002439,,False,0
63908,MCD,MCDONALDS CORP,5812,Retail-Eating  Places,control,,2015,2015-12-31,25413000000.0,,,2434300000.0,,,18267500000.0,7145500000.0,4529300000.0,1555700000.0,6539100000.0,1298700000.0,100100000.0,9643000000.0,37938700000.0,23117600000.0,2950400000.0,30850800000.0,24122100000.0,7087900000.0,7685500000.0,,-0.07391413672092795,,0.28117498917876677,0.17822767874709794,0.7188250108212332,18.652874513044505,1.1547708894517124,,0.8448161721708126,0.926085863279072,0.9954073039385458,1.0565496834688155,1.379143985059121,-0.05297493061175001,,False,0
63908,MCD,MCDONALDS CORP,5812,Retail-Eating  Places,control,,2016,2016-12-31,24621900000.0,,,2384500000.0,,,16877400000.0,7744500000.0,4686500000.0,1516500000.0,6059600000.0,1474100000.0,58900000.0,4848600000.0,31023900000.0,21257600000.0,3468300000.0,33228200000.0,25878500000.0,-2204300000.0,1223400000.0,,-0.031129736748908066,,0.3145370584723356,0.19033868223004724,0.6854629415276644,21.85235501728136,1.171527477011619,,1.1613888483598913,0.9688702632510919,0.9468854017602389,1.011015004517444,1.3256181553111794,-0.04425942579753029,,False,0
63908,MCD,MCDONALDS CORP,5812,Retail-Eating  Places,control,,2017,2017-12-31,22820400000.0,,,2231300000.0,,,13267700000.0,9552700000.0,5192300000.0,1363400000.0,5551200000.0,1976200000.0,58800000.0,5327200000.0,33803700000.0,22448300000.0,2890600000.0,37071700000.0,29536400000.0,-3268000000.0,2463800000.0,,-0.07316657122317938,,0.41860353017475593,0.2275288776708559,0.5813964698252441,31.608254018334474,1.4464461149994092,,1.1250136044391903,0.9268334287768206,1.162969443546986,1.0096223343577118,1.0140939045956507,-0.010617180959480766,,False,0
63908,MCD,MCDONALDS CORP,5812,Retail-Eating  Places,control,,2018,2018-12-31,21025200000.0,,,2200200000.0,,,12202600000.0,8822600000.0,5924300000.0,214800000.0,6966700000.0,2441500000.0,51100000.0,4053200000.0,32811200000.0,22842700000.0,2973500000.0,39069600000.0,31075300000.0,-6258400000.0,866000000.0,,-0.07866645632854818,,0.41962026520556284,0.2817713981317657,0.5803797347944372,42.38473355782585,1.3409387792581153,,1.0109536561529906,0.9213335436714518,6.146258581127696,1.0702551141880892,1.0817755554479134,-0.031769639635246504,,False,2
63908,MCD,MCDONALDS CORP,5812,Retail-Eating  Places,control,,2019,2019-12-31,21076500000.0,,,2229400000.0,,,12006700000.0,9069800000.0,6025400000.0,262500000.0,8122100000.0,2224200000.0,50200000.0,3557900000.0,47510800000.0,24160000000.0,3621000000.0,55721100000.0,34118100000.0,-8210300000.0,898500000.0,,0.00243992922778391,,0.43032761606528597,0.2858823808507105,0.569672383934714,38.51839726709843,0.9087799788701622,,2.310800357839384,1.002439929227784,0.8667280866157587,1.010805227552537,0.7654547092937181,-0.04413101863155325,,False,2
63908,MCD,MCDONALDS CORP,5812,Retail-Eating  Places,control,,2020,2020-12-31,19207800000.0,,,,,,11883800000.0,7324000000.0,4730500000.0,300600000.0,6265200000.0,2110300000.0,51100000.0,6243200000.0,52626800000.0,24958200000.0,6181200000.0,60451700000.0,35196800000.0,-7824900000.0,3449100000.0,,-0.08866272863141411,,0.3813034288153771,0.24628015701954414,0.618696571184623,40.10139110153167,1.0410970846854366,,0.9772482202207792,0.9113372713685859,0.9031563242641546,,0.9898362082696829,-0.029161947904869763,,False,0
63908,MCD,MCDONALDS CORP,5812,Retail-Eating  Places,control,,2021,2021-12-31,23222900000.0,,,,,,12866900000.0,10356000000.0,7545200000.0,329700000.0,9141500000.0,1872400000.0,55600000.0,7148500000.0,53854300000.0,24720600000.0,4020000000.0,58455300000.0,35622700000.0,-4601000000.0,4709200000.0,,0.20903487125022124,,0.44593913766153237,0.32490343583273407,0.5540608623384676,29.42896881957034,0.7338640384085405,,1.0027393546485983,1.2090348712502212,0.904211958136937,,0.9362251611750981,-0.0296410871555289,,False,0
63908,MCD,MCDONALDS CORP,5812,Retail-Eating  Places,control,,2022,2022-12-31,23182600000.0,,,2863000000.0,,,13811600000.0,9371000000.0,6177400000.0,370400000.0,7386700000.0,2115000000.0,52000000.0,5424200000.0,50435600000.0,23773600000.0,3802100000.0,56439000000.0,35903500000.0,-6003400000.0,2583800000.0,,-0.0017353560494167697,,0.4042255829803387,0.2664670916980839,0.5957744170196613,33.299759302235294,1.1315299393056162,,1.031483533822063,0.9982646439505832,0.8579149981339058,,1.0694776935613746,-0.023977111405435843,,False,0
63908,MCD,MCDONALDS CORP,5812,Retail-Eating  Places,control,,2023,2023-12-31,25493700000.0,,,2817000000.0,,,13847000000.0,11646700000.0,8468800000.0,381700000.0,9611900000.0,2488000000.0,52800000.0,7986400000.0,56146800000.0,24907600000.0,6859000000.0,60853500000.0,37152900000.0,-4706700000.0,4579300000.0,,0.09969114767109821,,0.45684620121834024,0.3321918748553564,0.5431537987816598,35.621349588329664,1.0697179299412691,,0.9835080340170361,1.0996911476710982,1.0164274938961115,0.8947357078957318,0.9957046533018111,-0.02035912999494183,,False,0
63908,MCD,MCDONALDS CORP,5812,Retail-Eating  Places,control,,2024,2024-12-31,25920000000.0,,,2858000000.0,,,14208000000.0,11712000000.0,8223000000.0,447000000.0,9447000000.0,2383000000.0,56000000.0,4599000000.0,55182000000.0,25295000000.0,3861000000.0,58979000000.0,38424000000.0,-3797000000.0,1085000000.0,,0.016721778321703074,,0.45185185185185184,0.31724537037037037,0.5481481481481482,33.55690586419753,0.9420447639409909,,1.1065391881898907,1.016721778321703,0.8692007940930815,0.9978683571306486,0.9775608265037904,-0.022181146025878003,,False,0
63908,MCD,MCDONALDS CORP,5812,Retail-Eating  Places,control,,2025,2025-12-31,26885000000.0,,,3039000000.0,,,14492000000.0,12393000000.0,8563000000.0,457000000.0,10551000000.0,2466000000.0,61000000.0,4163000000.0,59515000000.0,28241000000.0,4361000000.0,61306000000.0,39973000000.0,-1791000000.0,774000000.0,,0.037229938271605034,,0.4609633624697787,0.31850474242142457,0.5390366375302214,33.479263529849355,0.997686248706529,,0.9940358627047065,1.037229938271605,1.0904372236400015,1.0251642007862585,0.9721238113797777,-0.03340334369486684,,False,0
1376339,MDXG,"MIMEDX GROUP, INC.",3841,Surgical & Medical Instruments & Apparatus,reference,Revenue-recognition investigation; restated 2012-2016 results (filed 2020),2014,2014-12-31,118223000.0,12665000.0,105558000.0,90480000.0,7050000.0,,,7100000.0,6220000.0,1197000.0,16802000.0,26672000.0,5133000.0,85677000.0,109259000.0,5447000.0,18404000.0,19930000.0,,89329000.0,46582000.0,,0.9976602520678435,0.8928719453913367,0.060055995872207606,0.052612435820441034,0.9399440041277924,82.34675147813877,0.8296623238008767,0.943449074778249,0.9236891896578686,1.9976602520678435,0.7488455952503029,0.9798235444536428,1.484841566475487,-0.09685243320916355,-2.444614306569384,False,0
1376339,MDXG,"MIMEDX GROUP, INC.",3841,Surgical & Medical Instruments & Apparatus,reference,Revenue-recognition investigation; restated 2012-2016 results (filed 2020),2015,2015-12-31,187296000.0,20202000.0,167094000.0,133384000.0,8413000.0,,,24364000.0,29446000.0,1799000.0,18807000.0,53755000.0,7460000.0,96310000.0,135913000.0,9475000.0,26777000.0,27925000.0,,107988000.0,28486000.0,,0.5842602539269008,0.8921386468477703,0.13008286348880915,0.15721638475995217,0.8699171365111908,104.75704232872032,1.2721454149473155,1.0008219558093996,1.3355155999368387,1.5842602539269008,1.1290453690407307,0.9305176570865364,1.1696230449419414,0.07827801608381832,-1.2348964947228573,True,0
1376339,MDXG,"MIMEDX GROUP, INC.",3841,Surgical & Medical Instruments & Apparatus,reference,Revenue-recognition investigation; restated 2012-2016 results (filed 2020),2016,2016-12-31,221712000.0,30938000.0,212608000.0,179997000.0,12038000.0,,,18446000.0,11974000.0,3333000.0,25828000.0,67151000.0,17814000.0,126538000.0,193263000.0,13786000.0,50732000.0,60263000.0,,133000000.0,34391000.0,,0.18375192209123536,0.958937721007433,0.08319802266002742,0.05400700007216569,0.9168019773399726,110.5493387818431,1.0552926688684754,1.0368176149261055,1.235713276238781,1.1837519220912354,0.8195891701996171,1.1399894506855093,1.3323930147151706,-0.07168469908880644,-2.6394868196475074,False,6
1376339,MDXG,"MIMEDX GROUP, INC.",3841,Surgical & Medical Instruments & Apparatus,reference,Revenue-recognition investigation; restated 2012-2016 results (filed 2020),2017,2017-12-31,321139000.0,35219000.0,285920000.0,220119000.0,17900000.0,,,46223000.0,64727000.0,4087000.0,62939000.0,,9467000.0,48747000.0,121255000.0,14091000.0,45810000.0,47458000.0,,73797000.0,27476000.0,,0.4484511438262251,0.89033097817456,0.14393455793285773,0.20155446706877708,0.8560654420671423,,,0.9664480222170685,1.7587842891096552,1.448451143826225,0.8659610993458433,0.8442837166267813,1.439220607388367,0.014745783679023546,,False,0
1376339,MDXG,"MIMEDX GROUP, INC.",3841,Surgical & Medical Instruments & Apparatus,reference,Revenue-recognition investigation; restated 2012-2016 results (filed 2020),2018,2018-12-31,359111000.0,36386000.0,322725000.0,258528000.0,15765000.0,,,-3924000.0,-29979000.0,5882000.0,35796000.0,0.0,15986000.0,74049000.0,122844000.0,17424000.0,71547000.0,73189000.0,0.0,49655000.0,45118000.0,,0.11824163368510199,0.8986775676601385,-0.010926983578893434,-0.08348115206718813,1.0109269835788934,0.0,,0.9907123647168469,0.53007194533967,1.118241633685102,0.8908431821345524,1.050302496311085,1.541618250710721,-0.5354351860896747,,False,0
1376339,MDXG,"MIMEDX GROUP, INC.",3841,Surgical & Medical Instruments & Apparatus,reference,Revenue-recognition investigation; restated 2012-2016 results (filed 2020),2019,2019-12-31,299255000.0,43081000.0,256174000.0,198205000.0,11140000.0,,,-21160000.0,-25580000.0,6546000.0,-39412000.0,32327000.0,9104000.0,123245000.0,167166000.0,12328000.0,67322000.0,132768000.0,61906000.0,34398000.0,69069000.0,,-0.16667826939302888,0.856039163923744,-0.0707089271691367,-0.08547893936609247,1.0707089271691368,39.42909892900703,,1.0498089404472535,0.7400626788794687,0.8333217306069711,0.7276880244342272,0.9200137379338954,1.3273064150131169,0.08274409868035366,,False,0
1376339,MDXG,"MIMEDX GROUP, INC.",3841,Surgical & Medical Instruments & Apparatus,reference,Revenue-recognition investigation; restated 2012-2016 results (filed 2020),2020,2020-12-31,248234000.0,39330000.0,208904000.0,181022000.0,11715000.0,,,-45398000.0,-49284000.0,5782000.0,-30263000.0,35423000.0,10361000.0,160617000.0,202032000.0,11437000.0,59162000.0,110614000.0,47697000.0,-150000.0,95812000.0,554000.0,-0.17049339192327617,0.8415607853879807,-0.18288389181175826,-0.19853847579300177,1.1828838918117583,52.08551205717187,1.3209916907041925,1.0172041981840783,0.7851263900203991,0.8295066080767238,1.0328610233855442,1.1010242966135948,0.6841987402144091,-0.09414845173041894,-2.7653436269632135,False,0
1376339,MDXG,"MIMEDX GROUP, INC.",3841,Surgical & Medical Instruments & Apparatus,reference,Revenue-recognition investigation; restated 2012-2016 results (filed 2020),2021,2021-12-31,258615000.0,43283000.0,215332000.0,198359000.0,17344000.0,,,-5035000.0,-10285000.0,4363000.0,-1982000.0,40353000.0,11389000.0,148523000.0,187929000.0,,42357000.0,95353000.0,48127000.0,82000.0,87083000.0,559000.0,0.04181941232868991,0.8326353846451289,-0.019469094986756374,-0.03976954159658179,1.0194690949867564,56.952786961313144,1.0934477690993745,1.0107194588501134,,1.04181941232869,,1.0517877441290509,0.9103052463392612,-0.044181579213426345,,False,6
1376339,MDXG,"MIMEDX GROUP, INC.",3841,Surgical & Medical Instruments & Apparatus,reference,Revenue-recognition investigation; restated 2012-2016 results (filed 2020),2022,2022-12-31,267841000.0,48316000.0,219525000.0,208789000.0,22829000.0,,,-24971000.0,-30197000.0,3345000.0,-17893000.0,43084000.0,13183000.0,134198000.0,171430000.0,,43557000.0,96924000.0,48594000.0,-17988000.0,65950000.0,,0.035674651508999844,0.8196093951262129,-0.09323068536930493,-0.11274226126694568,1.093230685369305,58.71266908352343,1.0309007199841815,1.015892923624808,,1.0356746515089998,,1.0163244114401706,1.1164396168915411,-0.07177273522720644,,False,2
1376339,MDXG,"MIMEDX GROUP, INC.",3841,Surgical & Medical Instruments & Apparatus,reference,Revenue-recognition investigation; restated 2012-2016 results (filed 2020),2023,2023-12-31,321477000.0,54634000.0,266843000.0,211124000.0,12665000.0,,,37116000.0,58228000.0,3427000.0,26775000.0,53871000.0,21021000.0,164261000.0,239047000.0,,46008000.0,96330000.0,48099000.0,142717000.0,82000000.0,,0.20025313525561805,0.8300531608793164,0.11545460483953751,0.1811264880535777,0.8845453951604625,61.16429791244786,1.0417563852434777,0.9874179555655931,,1.200253135255618,,0.8424752326494477,0.7323613286364138,0.13157663555702434,,False,0
1376339,MDXG,"MIMEDX GROUP, INC.",3841,Surgical & Medical Instruments & Apparatus,reference,Revenue-recognition investigation; restated 2012-2016 results (filed 2020),2024,2024-12-31,348879000.0,60073000.0,288806000.0,225087000.0,12341000.0,,,58865000.0,42419000.0,6041000.0,66198000.0,55828000.0,23807000.0,191886000.0,263915000.0,,45595000.0,70808000.0,17830000.0,193107000.0,104416000.0,,0.08523782416782533,0.8278113615322218,0.16872611994416403,0.12158656726257527,0.831273880055836,58.40770009086245,0.9549312602994107,1.0027081041059223,,1.0852378241678253,,0.982398940367426,0.6104607838725474,-0.0901009794820302,,False,0
1376339,MDXG,"MIMEDX GROUP, INC.",3841,Surgical & Medical Instruments & Apparatus,reference,Revenue-recognition investigation; restated 2012-2016 results (filed 2020),2025,2025-12-31,418630000.0,73013000.0,345617000.0,266194000.0,15097000.0,,,63887000.0,48578000.0,14881000.0,74003000.0,75707000.0,25340000.0,277471000.0,342653000.0,,64266000.0,86105000.0,16467000.0,256548000.0,166121000.0,,0.1999289151826278,0.8255906170126365,0.15260970307909133,0.11604041755249266,0.8473902969209087,66.00830088622412,1.1301301161240338,1.0026898858511994,,1.1999289151826278,,0.9855810181570901,0.9803928860363995,-0.07420043017279872,,False,0
66740,MMM,3M CO,3841,Surgical & Medical Instruments & Apparatus,control,,2014,2014-12-31,31821000000.0,16447000000.0,15374000000.0,6469000000.0,1193000000.0,,24686000000.0,7135000000.0,4956000000.0,1408000000.0,6626000000.0,4238000000.0,3706000000.0,11765000000.0,31269000000.0,8489000000.0,5998000000.0,18127000000.0,6731000000.0,13109000000.0,1897000000.0,541000000.0,0.030773217582844792,0.4831400647371233,0.2242229973916596,0.15574620533609881,0.7757770026083404,48.611608686087806,0.9667238737189326,0.9899418861461364,0.9715181537894586,1.0307732175828448,0.9614808525618351,0.9830625389327314,1.155070247735926,-0.05340752822284051,-2.80209993029472,False,0
66740,MMM,3M CO,3841,Surgical & Medical Instruments & Apparatus,control,,2015,2015-12-31,30274000000.0,15383000000.0,14891000000.0,6182000000.0,1223000000.0,,23328000000.0,6946000000.0,4833000000.0,1435000000.0,6420000000.0,4154000000.0,3518000000.0,10986000000.0,32718000000.0,8515000000.0,7118000000.0,20971000000.0,8753000000.0,11708000000.0,1798000000.0,518000000.0,-0.04861569403852806,0.4918742154984475,0.2294378014137544,0.15964193697562265,0.7705621985862456,50.082909427231286,1.0302664483013613,0.9822431213385046,1.146768177598875,0.9513843059614719,0.9864390680454675,1.004467446918801,1.1916185343303995,-0.04850540986612874,-2.7375453363629,False,1
66740,MMM,3M CO,3841,Surgical & Medical Instruments & Apparatus,control,,2016,2016-12-31,30109000000.0,15040000000.0,15069000000.0,6111000000.0,1225000000.0,,22886000000.0,7223000000.0,5050000000.0,1474000000.0,6662000000.0,4392000000.0,3385000000.0,11726000000.0,32906000000.0,8516000000.0,6219000000.0,22563000000.0,10678000000.0,10298000000.0,2398000000.0,551000000.0,-0.00545022131201689,0.5004815835796605,0.23989504799229466,0.16772393636454216,0.7601049520077053,53.2425520608456,1.0630882404746307,0.9828018285515134,0.9526857441705839,0.9945497786879831,0.9774551181961368,0.9939321941021814,1.058563626725431,-0.04898802649972649,-2.704930290777999,False,5
66740,MMM,3M CO,3841,Surgical & Medical Instruments & Apparatus,control,,2017,2017-12-31,31657000000.0,16001000000.0,15656000000.0,6572000000.0,1335000000.0,,23837000000.0,7820000000.0,4858000000.0,1544000000.0,6240000000.0,4911000000.0,4034000000.0,14277000000.0,37987000000.0,8866000000.0,7687000000.0,26365000000.0,12096000000.0,11563000000.0,3053000000.0,513000000.0,0.05141319871134886,0.49455096819028965,0.2470227753735351,0.15345737119752345,0.7529772246264649,56.62302176453865,1.0634918795746275,1.0119919194801554,1.015360210422753,1.0514131987113489,0.994799203348426,1.022849757402367,1.0141977518468996,-0.036380867138757995,-2.5425866311288283,False,4
66740,MMM,3M CO,3841,Surgical & Medical Instruments & Apparatus,control,,2018,2018-12-31,32765000000.0,16682000000.0,16083000000.0,7602000000.0,1253000000.0,,25558000000.0,7207000000.0,5349000000.0,1488000000.0,6439000000.0,5020000000.0,4366000000.0,13709000000.0,36500000000.0,8738000000.0,7244000000.0,26652000000.0,13411000000.0,9796000000.0,2853000000.0,617000000.0,0.03500015794295108,0.4908591484816115,0.21996032351594688,0.16325347169235466,0.7800396764840531,55.922478254234704,0.9876279384520119,1.00752113864048,0.9852812833375784,1.035000157942951,1.0192938964808445,1.117609010252932,1.086613710817161,-0.029863013698630137,-2.6481990322697904,False,0
66740,MMM,3M CO,3841,Surgical & Medical Instruments & Apparatus,control,,2019,2019-12-31,32136000000.0,17136000000.0,15000000000.0,7029000000.0,1253000000.0,,25962000000.0,6174000000.0,4570000000.0,1593000000.0,7070000000.0,4791000000.0,4134000000.0,12971000000.0,44659000000.0,9333000000.0,9222000000.0,34533000000.0,17518000000.0,10063000000.0,,430000000.0,-0.019197314207233362,0.46676624346527257,0.1921209858103062,0.14220811550908638,0.8078790141896938,54.41607542942495,0.9730626597419136,1.0516166397070046,1.3001381387461046,0.9808026857927666,0.9980276264888105,0.9427228453303923,1.0580838214846802,-0.05597975771960859,-2.6446948118377196,False,1
66740,MMM,3M CO,3841,Surgical & Medical Instruments & Apparatus,control,,2020,2020-12-31,32184000000.0,16605000000.0,15579000000.0,6929000000.0,1146000000.0,,25023000000.0,7161000000.0,5384000000.0,1911000000.0,8113000000.0,4705000000.0,4239000000.0,14982000000.0,47344000000.0,9421000000.0,7948000000.0,34413000000.0,17989000000.0,12867000000.0,4634000000.0,498000000.0,0.0014936519790889058,0.48406040268456374,0.22250186428038776,0.1672880934625901,0.7774981357196122,53.35958861546109,0.9805850237153897,0.9642727248017416,0.968014175352119,1.001493651979089,0.8645705906237796,0.9843030190574067,0.9149605843245877,-0.05764193984454208,-2.7830889640418106,False,2
66740,MMM,3M CO,3841,Surgical & Medical Instruments & Apparatus,control,,2021,2021-12-31,35355000000.0,18795000000.0,16560000000.0,7197000000.0,1243000000.0,,27986000000.0,7369000000.0,5921000000.0,1915000000.0,7454000000.0,4660000000.0,4985000000.0,15403000000.0,47072000000.0,9429000000.0,9035000000.0,31955000000.0,16056000000.0,15046000000.0,4564000000.0,529000000.0,0.09852721849366142,0.4683920237590157,0.20842879366426248,0.16747277612784614,0.7915712063357375,48.10917833404044,0.901603246620621,1.0334514213111565,0.9750451687746515,1.0985272184936614,0.9989679633635289,0.9455186930557489,0.9729724094572408,-0.032567131203263086,-2.6093496197868014,False,1
66740,MMM,3M CO,3841,Surgical & Medical Instruments & Apparatus,control,,2022,2022-12-31,34229000000.0,19232000000.0,14997000000.0,9049000000.0,1100000000.0,,27690000000.0,6539000000.0,5777000000.0,1831000000.0,5591000000.0,4532000000.0,5372000000.0,14688000000.0,46455000000.0,9178000000.0,9523000000.0,31685000000.0,14001000000.0,14722000000.0,3655000000.0,538000000.0,-0.031848394852213247,0.4381372520377458,0.1910368401063426,0.1687750153378714,0.8089631598936574,48.32685734318853,1.0045246877349818,1.0690531827197005,1.0291825383735633,0.9681516051477868,1.0149907582082287,1.298690655614282,0.9499995223499904,0.004003874717468518,-2.470562799090191,False,6
66740,MMM,3M CO,3841,Surgical & Medical Instruments & Apparatus,control,,2023,2023-12-31,32681000000.0,18477000000.0,14204000000.0,21526000000.0,1000000000.0,,41809000000.0,-9128000000.0,-6995000000.0,1987000000.0,6680000000.0,4750000000.0,4822000000.0,16379000000.0,50580000000.0,9159000000.0,15297000000.0,45712000000.0,13088000000.0,4807000000.0,5933000000.0,572000000.0,-0.04522480937216977,0.4346256234509348,-0.2793060187876748,-0.21403873810470916,1.2793060187876748,53.05070224289343,1.0977478189024164,1.008079663041789,1.0181825395337498,0.9547751906278302,0.932957035701631,2.4915041917795056,1.108233737917491,-0.270363780150257,-3.983473950014513,False,6
66740,MMM,3M CO,3841,Surgical & Medical Instruments & Apparatus,control,,2024,2024-12-31,24575000000.0,14447000000.0,10128000000.0,4221000000.0,700000000.0,,19753000000.0,4822000000.0,4173000000.0,1363000000.0,1819000000.0,3194000000.0,3698000000.0,15884000000.0,39868000000.0,7388000000.0,11256000000.0,35974000000.0,11125000000.0,3842000000.0,5600000000.0,15000000.0,-0.24803402588660073,0.4121261444557477,0.19621566632756868,0.16980671414038656,0.8037843336724313,47.43886063072228,0.8942173925148579,1.0545936706463985,0.8407924250818373,0.7519659741133993,1.1445655140291617,0.26076771812251176,1.0003338478667112,0.059044847998394705,-2.414126090014462,False,0
66740,MMM,3M CO,3841,Surgical & Medical Instruments & Apparatus,control,,2025,2025-12-31,24948000000.0,14991000000.0,9957000000.0,3997000000.0,,,20319000000.0,4629000000.0,3250000000.0,1308000000.0,2306000000.0,3533000000.0,3661000000.0,16387000000.0,37733000000.0,7101000000.0,9595000000.0,32986000000.0,10932000000.0,4702000000.0,5235000000.0,,0.015178026449643944,0.39911014911014914,0.18554593554593554,0.13027096360429694,0.8144540644540644,51.68931377264711,1.0895985503322176,1.0326125391063565,0.906905720719104,1.015178026449644,1.0013243571638997,0.9327743331336477,0.9690565225986076,0.02501788885060822,-2.2655288674654908,False,0
789019,MSFT,MICROSOFT CORP,7372,Services-Prepackaged Software,control,,2014,2014-06-30,86833000000.0,26934000000.0,59899000000.0,,11381000000.0,32140000000.0,,27759000000.0,22074000000.0,3400000000.0,32231000000.0,19544000000.0,2660000000.0,114246000000.0,172384000000.0,13011000000.0,45625000000.0,82600000000.0,20645000000.0,89784000000.0,8669000000.0,23150000000.0,0.11540289534868786,0.6898183870187602,0.3196826091462923,0.2542121082998399,0.6803173908537077,82.15263782202618,1.0020541994154097,1.0725923099231107,1.203778932951832,1.1154028953486879,0.996711002723701,,1.094707813716856,-0.05892078151104511,,False,2
789019,MSFT,MICROSOFT CORP,7372,Services-Prepackaged Software,control,,2015,2015-06-30,93580000000.0,33038000000.0,60542000000.0,,12046000000.0,42381000000.0,,18161000000.0,12193000000.0,4100000000.0,29080000000.0,17908000000.0,2902000000.0,124712000000.0,176223000000.0,14731000000.0,49858000000.0,96140000000.0,27808000000.0,80083000000.0,5595000000.0,23223000000.0,0.07770087409164717,0.646954477452447,0.19406924556529173,0.13029493481513144,0.8059307544347083,69.84847189570421,0.8502279871648496,1.0662549082821113,0.7972777155208643,1.0777008740916472,0.9515539101524705,,1.1464320831039987,-0.09582744590660697,,False,1
789019,MSFT,MICROSOFT CORP,7372,Services-Prepackaged Software,control,,2016,2016-06-30,91154000000.0,32780000000.0,52540000000.0,,11988000000.0,,,20182000000.0,16798000000.0,4900000000.0,33325000000.0,18277000000.0,2251000000.0,139660000000.0,193694000000.0,18356000000.0,59357000000.0,121697000000.0,40783000000.0,71997000000.0,6510000000.0,27468000000.0,-0.025924342808292367,0.576387212848586,0.22140553349277048,0.18428154551637888,0.7785944665072295,73.18499462448165,1.0477680132180907,1.0102526542244896,0.8825416263869966,0.9740756571917076,1.0333546832784413,,1.1730676844411625,-0.0853253069274216,,False,3
789019,MSFT,MICROSOFT CORP,7372,Services-Prepackaged Software,control,,2017,2017-06-30,96571000000.0,34261000000.0,55689000000.0,,13037000000.0,,,22326000000.0,21204000000.0,6100000000.0,39507000000.0,19792000000.0,2181000000.0,159851000000.0,241086000000.0,23734000000.0,64527000000.0,168692000000.0,76073000000.0,72394000000.0,7663000000.0,24013000000.0,0.05942690392083727,0.5766638017624338,0.23118741651220345,0.2195690217560137,0.7688125834877966,74.80589410899753,1.0221479757268939,0.9925049926091312,1.2948488426492129,1.0594269039208373,1.0304874610183445,,1.128033273430802,-0.07591896667579204,,False,3
789019,MSFT,MICROSOFT CORP,7372,Services-Prepackaged Software,control,,2018,2018-06-30,110360000000.0,38353000000.0,72007000000.0,,14726000000.0,,,35058000000.0,16571000000.0,7700000000.0,43884000000.0,26481000000.0,2662000000.0,169662000000.0,258848000000.0,29460000000.0,58488000000.0,176130000000.0,72242000000.0,82718000000.0,11946000000.0,28905000000.0,0.1427861366248666,0.652473722363175,0.3176694454512505,0.1501540413193186,0.6823305545487496,87.58214026821312,1.1707919718277773,0.9888900269848132,0.9674203306948139,1.1427861366248666,0.9867413541074465,,0.8659984568677376,-0.10551752379775003,,False,0
789019,MSFT,MICROSOFT CORP,7372,Services-Prepackaged Software,control,,2019,2019-06-30,125843000000.0,42910000000.0,82933000000.0,,16876000000.0,,,42959000000.0,39240000000.0,9700000000.0,52185000000.0,29524000000.0,2063000000.0,175552000000.0,286556000000.0,36477000000.0,69420000000.0,184226000000.0,66662000000.0,102330000000.0,11356000000.0,32676000000.0,0.14029539688292858,0.6590195720063889,0.3413698020549415,0.3118171054409065,0.6586301979450585,85.63257392147358,0.9777401381061349,0.9900672909860855,1.1271598668233842,1.1402953968829286,0.9864361967751601,,0.9402876451454014,-0.04517441616996329,,False,0
789019,MSFT,MICROSOFT CORP,7372,Services-Prepackaged Software,control,,2020,2020-06-30,143015000000.0,46078000000.0,96937000000.0,,19269000000.0,,,52959000000.0,44281000000.0,10700000000.0,60675000000.0,32011000000.0,1895000000.0,181915000000.0,301311000000.0,44151000000.0,72310000000.0,183007000000.0,59578000000.0,118304000000.0,13576000000.0,36000000000.0,0.1364557424727637,0.6778100199279796,0.37030381428521486,0.3096248645247002,0.6296961857147851,81.69782889906654,0.9540508378737363,0.9722777070725699,0.9601929798953933,1.1364557424727637,1.0768291209423957,,0.9217202277915215,-0.05440889977465144,,False,0
789019,MSFT,MICROSOFT CORP,7372,Services-Prepackaged Software,control,,2021,2021-06-30,168088000000.0,52232000000.0,115856000000.0,,20716000000.0,,,69916000000.0,61271000000.0,9300000000.0,76740000000.0,38043000000.0,2636000000.0,184406000000.0,333779000000.0,59715000000.0,88657000000.0,191791000000.0,50074000000.0,141988000000.0,14224000000.0,41525000000.0,0.17531727441177503,0.689258007710247,0.415948788729713,0.36451739564989766,0.584051211270287,82.6096746942078,1.0111611998437289,0.9833908526934664,1.0756410746610372,1.175317274411775,1.4476373236351145,,0.9495639358610753,-0.046345036685950886,,False,0
789019,MSFT,MICROSOFT CORP,7372,Services-Prepackaged Software,control,,2022,2022-06-30,198270000000.0,62650000000.0,135620000000.0,,24512000000.0,,,83383000000.0,72738000000.0,12600000000.0,89035000000.0,44261000000.0,3742000000.0,169684000000.0,364840000000.0,74398000000.0,95082000000.0,198298000000.0,47032000000.0,166542000000.0,13931000000.0,45538000000.0,0.17956070629670173,0.684016744842891,0.4205527815604983,0.3668633681343622,0.5794472184395016,81.48113683361073,0.9863389141190241,1.0076624774274494,1.2322063056195547,1.1795607062967017,0.9304181630632402,,0.9371733037383205,-0.04466889595439097,,False,0
789019,MSFT,MICROSOFT CORP,7372,Services-Prepackaged Software,control,,2023,2023-06-30,211915000000.0,65863000000.0,146052000000.0,,27195000000.0,57529000000.0,,88523000000.0,72361000000.0,11000000000.0,87582000000.0,48688000000.0,2500000000.0,184257000000.0,411976000000.0,95641000000.0,104149000000.0,205753000000.0,41990000000.0,206223000000.0,34704000000.0,50901000000.0,0.06882029555656421,0.6892008588349102,0.417728806361041,0.3414623787839464,0.582271193638959,83.85966071302173,1.0291910983552928,0.9924780796112429,0.9686014231965474,1.0688202955565642,1.4040830614705877,,0.9106674172516507,-0.03694632697050314,,False,0
789019,MSFT,MICROSOFT CORP,7372,Services-Prepackaged Software,control,,2024,2024-06-30,245122000000.0,74114000000.0,171008000000.0,,29510000000.0,61575000000.0,,109433000000.0,88136000000.0,15200000000.0,118548000000.0,56924000000.0,1246000000.0,159734000000.0,512163000000.0,135591000000.0,125286000000.0,243686000000.0,42688000000.0,268477000000.0,18315000000.0,57582000000.0,0.1566996201307127,0.6976444382797138,0.44644299573273716,0.35955972944084985,0.5535570042672628,84.76293437553545,1.0107712534827065,0.98789701604212,1.3205918869164295,1.1566996201307127,1.0232937218281306,,0.9245696836398778,-0.05937953346883707,,False,0
789019,MSFT,MICROSOFT CORP,7372,Services-Prepackaged Software,control,,2025,2025-06-30,281724000000.0,87831000000.0,193893000000.0,,32488000000.0,65365000000.0,,128528000000.0,101832000000.0,22000000000.0,136162000000.0,69905000000.0,938000000.0,191131000000.0,619003000000.0,204966000000.0,141218000000.0,275524000000.0,40152000000.0,343479000000.0,30242000000.0,64555000000.0,0.14932156232406713,0.6882374238616519,0.4562195624085985,0.3614601524896707,0.5437804375914015,90.56851741420681,1.0684920016212534,1.0136682692511543,0.8505538457252834,1.1493215623240671,1.0399352264211572,,0.8933853686589491,-0.055460151243208834,,False,0
789019,MSFT,MICROSOFT CORP,7372,Services-Prepackaged Software,control,,2026,2026-06-30,331839000000.0,106374000000.0,225465000000.0,,35562000000.0,70228000000.0,,155237000000.0,133749000000.0,34300000000.0,182935000000.0,80876000000.0,1397000000.0,207710000000.0,758376000000.0,313076000000.0,168825000000.0,315989000000.0,31067000000.0,442387000000.0,20935000000.0,72965000000.0,0.17788686799846665,0.6794409337058032,0.4678081840892722,0.4030538905915218,0.5321918159107278,88.95801879827266,0.9822178979858014,1.0129466591126193,0.8699906238806997,1.1778868679984666,0.9816746290122595,,0.8995765659881064,-0.06485701024294017,,False,0
320187,NKE,"NIKE, Inc.",3021,Rubber & Plastics Footwear,control,,2014,2014-05-31,27799000000.0,15353000000.0,12446000000.0,8766000000.0,,,,,2693000000.0,518000000.0,3003000000.0,3434000000.0,,13696000000.0,18594000000.0,2834000000.0,5027000000.0,7770000000.0,1199000000.0,10824000000.0,2220000000.0,,0.09821040572038076,0.44771394654483976,,0.09687398827295945,,45.08831252922767,1.0031778493127306,0.9736183204819766,1.2960733167148553,1.0982104057203808,0.9807323883448451,1.025973905036809,1.1463809214575968,-0.016672044745616867,-2.4163469492504728,False,0
320187,NKE,"NIKE, Inc.",3021,Rubber & Plastics Footwear,control,,2015,2015-05-31,30601000000.0,16534000000.0,14067000000.0,9892000000.0,,,,,3273000000.0,606000000.0,4680000000.0,3358000000.0,,15976000000.0,21600000000.0,3011000000.0,6334000000.0,8893000000.0,1079000000.0,12707000000.0,3852000000.0,,0.10079499262563396,0.4596908597758243,,0.1069572889774844,,40.053266233129634,0.888329236255312,0.9739457224865744,1.089804990310078,1.100794992625634,0.922362492812527,1.0251235155706409,1.0249530195952459,-0.06513888888888889,-2.796497468188331,False,0
320187,NKE,"NIKE, Inc.",3021,Rubber & Plastics Footwear,control,,2016,2016-05-31,32376000000.0,17405000000.0,14971000000.0,10469000000.0,,,,,3760000000.0,649000000.0,3096000000.0,3241000000.0,,15025000000.0,21396000000.0,3520000000.0,5358000000.0,9138000000.0,2010000000.0,12258000000.0,3138000000.0,,0.058004640371229765,0.46241042747714356,,0.11613540894489746,,36.53833086236718,0.9122434772159702,0.9941187145883433,1.1014859693507948,1.0580046403712298,1.076245413607119,1.0003074875320124,1.003406197249848,0.03103383810057955,-2.3182920121485804,False,1
320187,NKE,"NIKE, Inc.",3021,Rubber & Plastics Footwear,control,,2017,2017-05-31,34350000000.0,19038000000.0,15312000000.0,10563000000.0,,,,,4240000000.0,706000000.0,3640000000.0,3677000000.0,,16061000000.0,23259000000.0,3989000000.0,5474000000.0,10852000000.0,3471000000.0,12407000000.0,3808000000.0,,0.060971089696071123,0.445764192139738,,0.12343522561863174,,39.07147016011645,1.0693282708312843,1.0373431415778396,1.035414041647042,1.0609710896960711,1.0352463243812926,0.9509956490382712,1.1167919587850341,0.025796465884173867,-2.232814558229209,False,1
320187,NKE,"NIKE, Inc.",3021,Rubber & Plastics Footwear,control,,2018,2018-05-31,36397000000.0,20441000000.0,15956000000.0,11511000000.0,,,,,1933000000.0,747000000.0,4955000000.0,3498000000.0,,15134000000.0,22536000000.0,4454000000.0,6040000000.0,12724000000.0,3468000000.0,9812000000.0,4249000000.0,,0.0595924308588065,0.43838777921257244,,0.05310877270104679,,35.07899002665055,0.897815973724445,1.0168262284601433,0.9481389037952694,1.0595924308588065,1.0469726973210556,1.0284588669787547,1.0970414394914847,-0.13409655662051828,-3.1915838941567554,False,0
320187,NKE,"NIKE, Inc.",3021,Rubber & Plastics Footwear,control,,2019,2019-05-31,39117000000.0,21643000000.0,17474000000.0,12702000000.0,,,,,4029000000.0,705000000.0,5903000000.0,4272000000.0,,16525000000.0,23717000000.0,4744000000.0,7866000000.0,14677000000.0,3464000000.0,9040000000.0,4466000000.0,,0.07473143390938808,0.4467111486054657,,0.10299869621903521,,39.86195260372728,1.136348354768566,0.9813674464609246,0.7890436237934316,1.074731433909388,1.110098303517736,1.0267367407877075,1.1322903791090528,-0.07901505249399166,-2.7878712379208235,False,0
320187,NKE,"NIKE, Inc.",3021,Rubber & Plastics Footwear,control,,2020,2020-05-31,37403000000.0,21162000000.0,16241000000.0,13126000000.0,,,,,2539000000.0,721000000.0,2485000000.0,2749000000.0,,20556000000.0,31342000000.0,4866000000.0,8284000000.0,23287000000.0,9406000000.0,8055000000.0,8348000000.0,,-0.04381726615026715,0.43421650669732376,,0.06788225543405609,,26.826324091650402,0.6729806830672418,1.028775142619927,1.8299673473711695,0.9561827338497328,1.0025723331896905,1.0807354425115328,1.1814925033692865,0.0017229277008487015,-2.534319837027556,False,0
320187,NKE,"NIKE, Inc.",3021,Rubber & Plastics Footwear,control,,2021,2021-05-31,44538000000.0,24576000000.0,19962000000.0,13025000000.0,,,,,5727000000.0,744000000.0,6657000000.0,4463000000.0,,26291000000.0,37740000000.0,4904000000.0,9674000000.0,24973000000.0,9413000000.0,12767000000.0,9889000000.0,,0.1907600994572627,0.44820153576721,,0.12858682473393507,,36.57539629080785,1.363414389755763,0.9687974539267311,0.9181481312393476,1.1907600994572627,0.9796666993847084,0.8333377551164444,0.8960549659492233,-0.0246422893481717,-2.0800275211910875,False,0
320187,NKE,"NIKE, Inc.",3021,Rubber & Plastics Footwear,control,,2022,2022-05-31,46710000000.0,25231000000.0,21479000000.0,14804000000.0,,,,,6046000000.0,717000000.0,5188000000.0,4667000000.0,,28213000000.0,40321000000.0,4791000000.0,10730000000.0,25040000000.0,8920000000.0,15281000000.0,8574000000.0,,0.04876734473932376,0.4598372939413402,,0.12943695140226932,,36.468743309783775,0.9970840239111536,0.9746959232592941,1.046391023722935,1.0487673447393238,1.0119359465193736,1.0837327258360177,0.9635970961056591,0.021279234145978522,-2.3353609142808733,False,0
320187,NKE,"NIKE, Inc.",3021,Rubber & Plastics Footwear,control,,2023,2023-05-31,51217000000.0,28925000000.0,22292000000.0,16377000000.0,,,,,5070000000.0,703000000.0,5841000000.0,4131000000.0,,25202000000.0,37531000000.0,5081000000.0,9256000000.0,23527000000.0,8927000000.0,14004000000.0,7441000000.0,,0.09648897452365657,0.43524610969014194,,0.09899056953745826,,29.439736806138587,0.8072594264096987,1.0564994923646878,1.0642074329938365,1.0964889745236566,1.071021485882167,1.0089066939126412,0.9941322033836253,-0.020543017771975168,-2.603048118667952,False,0
320187,NKE,"NIKE, Inc.",3021,Rubber & Plastics Footwear,control,,2024,2024-05-31,51362000000.0,28475000000.0,22887000000.0,16576000000.0,,,,,5700000000.0,796000000.0,7429000000.0,4427000000.0,,25382000000.0,38110000000.0,5000000000.0,10593000000.0,23680000000.0,7903000000.0,14430000000.0,9860000000.0,,0.0028310912392370824,0.445601806783225,,0.11097698687745804,,31.460126163311397,1.0686279694168845,0.9767601994977528,1.050026152945204,1.002831091239237,0.8849981233970683,1.0092937848491015,1.0017594901988678,-0.0453686696405143,-2.6340760889727686,False,0
320187,NKE,"NIKE, Inc.",3021,Rubber & Plastics Footwear,control,,2025,2025-05-31,46309000000.0,26519000000.0,19790000000.0,16088000000.0,,,,,3219000000.0,775000000.0,3698000000.0,4717000000.0,,23362000000.0,36579000000.0,4828000000.0,10566000000.0,23366000000.0,7961000000.0,13213000000.0,7464000000.0,,-0.09838012538452556,0.42734673605562634,,0.06951132609212032,,37.17862618497484,1.181769773966524,1.0427172344782398,1.1309676984899584,0.9016198746154744,0.9928956566263719,1.076462346145345,1.0436008040283669,-0.013094945187129227,-2.4145584642721607,False,0
320187,NKE,"NIKE, Inc.",3021,Rubber & Plastics Footwear,control,,2026,2026-05-31,46398000000.0,26487000000.0,19911000000.0,16114000000.0,,,,,3108000000.0,747000000.0,2868000000.0,5931000000.0,,24603000000.0,38410000000.0,4796000000.0,12547000000.0,23545000000.0,5942000000.0,14865000000.0,7563000000.0,,0.0019218726381480256,0.42913487650329757,,0.06698564593301436,,46.65750678908574,1.2549551066505422,0.995833150495151,1.0229403662679355,1.001921872638148,1.0263733260127188,0.9996948252562113,0.950376835558234,0.006248372819578235,-2.1881108463119285,False,0
1341439,ORCL,ORACLE CORP,7372,Services-Prepackaged Software,control,,2014,2014-05-31,38275000000.0,2954000000.0,35321000000.0,,5151000000.0,,23516000000.0,14759000000.0,10955000000.0,608000000.0,14921000000.0,6087000000.0,189000000.0,48138000000.0,90344000000.0,3061000000.0,14389000000.0,43466000000.0,,46878000000.0,17769000000.0,7269000000.0,0.02945131791285638,0.9228216851730895,0.3856041802743305,0.2862181580666231,0.6143958197256695,58.047158719790986,0.9774935565945821,0.9802535651698169,0.9563273006196252,1.0294513179128564,0.9154927903949928,,1.0122837751508122,-0.043898875409545735,,False,0
1341439,ORCL,ORACLE CORP,7372,Services-Prepackaged Software,control,,2015,2015-05-31,38226000000.0,2929000000.0,23709000000.0,,5524000000.0,,24355000000.0,13871000000.0,9938000000.0,712000000.0,14336000000.0,5618000000.0,314000000.0,63183000000.0,110903000000.0,3686000000.0,15291000000.0,62240000000.0,,48663000000.0,21716000000.0,7245000000.0,-0.0012802090137165045,0.6202323026212525,0.36286820488672633,0.25998011824412703,0.6371317951132737,53.64333176372103,0.9241336345620568,0.9993988649864441,0.9163636671713479,0.9987197909862835,1.02360193666339,,0.8656877989434388,-0.03965627620533259,,False,1
1341439,ORCL,ORACLE CORP,7372,Services-Prepackaged Software,control,,2016,2016-05-31,37047000000.0,2751000000.0,22410000000.0,,5787000000.0,,24443000000.0,12604000000.0,8901000000.0,871000000.0,13685000000.0,5385000000.0,212000000.0,64313000000.0,112180000000.0,4000000000.0,17208000000.0,64891000000.0,,47289000000.0,20152000000.0,7655000000.0,-0.03084288180819339,0.6049072799416957,0.34021648176640484,0.24026236942262533,0.6597835182335952,53.05490323103085,0.9890307236082578,0.9974439818292571,0.9848671573845761,0.9691571181918066,0.9053671719062365,,1.112557248708274,-0.04264574790515244,,False,0
1341439,ORCL,ORACLE CORP,7372,Services-Prepackaged Software,control,,2017,2017-05-31,37728000000.0,2801000000.0,23017000000.0,,6159000000.0,,25018000000.0,12710000000.0,9335000000.0,1000000000.0,14126000000.0,5300000000.0,300000000.0,74515000000.0,134991000000.0,5315000000.0,24178000000.0,81131000000.0,,53860000000.0,21784000000.0,8233000000.0,0.018382055227143868,0.6100773960983885,0.33688507209499574,0.24742896522476676,0.6631149279050043,51.27491518235794,0.9664500745402956,0.9999837079070669,1.0449723935289048,1.0183820552271439,1.1292065284335866,,1.167617504028309,-0.035491254972553725,,False,3
1341439,ORCL,ORACLE CORP,7372,Services-Prepackaged Software,control,,2018,2018-05-31,39831000000.0,2888000000.0,24287000000.0,,6091000000.0,,26152000000.0,13679000000.0,3825000000.0,1165000000.0,15386000000.0,5279000000.0,398000000.0,75964000000.0,137264000000.0,5897000000.0,19195000000.0,91538000000.0,,45726000000.0,21620000000.0,8341000000.0,0.05574109414758266,0.6097511988149934,0.3434259747432904,0.09603072983354674,0.6565740252567096,48.37526047550903,0.9434488639028196,0.9981287170855812,0.9877551782744733,1.0557410941475827,0.9599053958998093,,0.7807570370960004,-0.08422455997202472,,False,3
1341439,ORCL,ORACLE CORP,7372,Services-Prepackaged Software,control,,2019,2019-05-31,39506000000.0,,,,6026000000.0,,25971000000.0,13535000000.0,11083000000.0,1230000000.0,14551000000.0,5134000000.0,320000000.0,46386000000.0,108709000000.0,6252000000.0,18630000000.0,86924000000.0,,21785000000.0,20514000000.0,8374000000.0,-0.00815947377670656,,0.3426061864020655,0.28053966486103377,0.6573938135979345,47.43355439680048,0.9805333124937838,,1.277897938396833,0.9918405262232934,1.0034848139475447,,1.2255072594147174,-0.03190168247339227,,False,0
1341439,ORCL,ORACLE CORP,7372,Services-Prepackaged Software,control,,2020,2020-05-31,39068000000.0,,,,6067000000.0,,25172000000.0,13896000000.0,10135000000.0,1382000000.0,13139000000.0,5551000000.0,211000000.0,52140000000.0,115438000000.0,6244000000.0,17200000000.0,103364000000.0,,12074000000.0,37239000000.0,8002000000.0,-0.01108692350529028,,0.355687519197297,0.25941947373809765,0.644312480802703,51.86124193713525,1.0933450507059919,,0.9582183933834654,0.9889130764947097,0.9071438601703423,,0.8694253500939365,-0.026022626864637296,,False,0
1341439,ORCL,ORACLE CORP,7372,Services-Prepackaged Software,control,,2021,2021-05-31,40479000000.0,,,,6527000000.0,,25266000000.0,15213000000.0,13746000000.0,1537000000.0,15887000000.0,5409000000.0,142000000.0,55567000000.0,131107000000.0,7049000000.0,24164000000.0,125869000000.0,,5238000000.0,30098000000.0,8775000000.0,0.03611651479471689,,0.3758245015934188,0.3395834877343808,0.6241754984065812,48.77306751649003,0.9404531340690102,,1.0569886486207725,1.036116514794717,1.0123443392387206,,1.2369817551827453,-0.01633017306474864,,False,0
1341439,ORCL,ORACLE CORP,7372,Services-Prepackaged Software,control,,2022,2022-05-31,42440000000.0,,,,7219000000.0,,31514000000.0,10926000000.0,6717000000.0,1972000000.0,9539000000.0,5953000000.0,314000000.0,31633000000.0,109297000000.0,9716000000.0,19511000000.0,115517000000.0,0.0,-6220000000.0,21383000000.0,8357000000.0,0.04844487265001596,,0.2574458058435438,0.15827049952874647,0.7425541941564562,51.19804429783224,1.0497195871578577,,1.1900379451176777,1.048444872650016,1.0610021786492374,,0.968564038593962,-0.025819555888999698,,False,0
1341439,ORCL,ORACLE CORP,7372,Services-Prepackaged Software,control,,2023,2023-05-31,49954000000.0,,,,8623000000.0,,36861000000.0,13093000000.0,8503000000.0,2526000000.0,17165000000.0,6915000000.0,298000000.0,21004000000.0,134384000000.0,17069000000.0,23090000000.0,133311000000.0,,1073000000.0,9765000000.0,8970000000.0,0.17704995287464653,,0.262101133042399,0.17021659927132962,0.737898866957601,50.52598390519278,0.9868733190523858,,1.1528157245602948,1.1770499528746465,1.308816101727523,,0.9625096261346806,-0.06445707822359804,,False,0
1341439,ORCL,ORACLE CORP,7372,Services-Prepackaged Software,control,,2024,2024-05-31,52961000000.0,,,,8915000000.0,,37608000000.0,15353000000.0,10467000000.0,3129000000.0,18673000000.0,7874000000.0,334000000.0,22554000000.0,140976000000.0,21536000000.0,31544000000.0,132272000000.0,,8704000000.0,10454000000.0,9313000000.0,0.060195379749369504,,0.2898925624516153,0.19763599629916354,0.7101074375483847,54.2665357527237,1.0740322415996828,,0.9589313431552507,1.0601953797493695,1.0161636025000018,,1.302252533952623,-0.05820848938826467,,False,0
1341439,ORCL,ORACLE CORP,7372,Services-Prepackaged Software,control,,2025,2025-05-31,57399000000.0,,,,9860000000.0,,39721000000.0,17678000000.0,12443000000.0,3867000000.0,20821000000.0,8558000000.0,303000000.0,24579000000.0,168361000000.0,43522000000.0,32643000000.0,147910000000.0,,20451000000.0,10786000000.0,9387000000.0,0.08379751137629587,,0.30798445965957594,0.21678078015296434,0.692015540340424,54.42028606770153,1.0028332435974616,,0.8665035800681488,1.0837975113762959,1.5546327617066364,,0.8665168020091869,-0.04976211830530824,,False,0
1341439,ORCL,ORACLE CORP,7372,Services-Prepackaged Software,control,,2026,2026-05-31,67357000000.0,,,,10272000000.0,,46751000000.0,20606000000.0,17087000000.0,7623000000.0,31977000000.0,10385000000.0,,46567000000.0,261759000000.0,99957000000.0,41764000000.0,219251000000.0,,42508000000.0,31289000000.0,9916000000.0,0.1734873429850694,,0.30592217586887777,0.2536781626260077,0.6940778241311222,56.27514586457235,1.0340839773345418,,0.7392589304902445,1.1734873429850694,1.1516015689980112,,0.8229091585868876,-0.056884386019200865,,False,0
77476,PEP,PEPSICO INC,2080,Beverages,control,,2014,2014-12-27,66683000000.0,30884000000.0,35799000000.0,26126000000.0,718000000.0,,,9581000000.0,6513000000.0,2625000000.0,10506000000.0,6651000000.0,3143000000.0,20663000000.0,70509000000.0,17244000000.0,18092000000.0,52961000000.0,23821000000.0,17578000000.0,6134000000.0,,0.004035233004592298,0.5368534708996295,0.1436797984493799,0.09767107058770601,0.85632020155062,36.405305700103476,0.9525840565092614,0.9864501023837963,0.9761398098520903,1.0040352330045923,0.9490831259333001,1.0261860316754636,1.0920899125895966,-0.056631068374250096,-2.8422667112382585,False,3
77476,PEP,PEPSICO INC,2080,Beverages,control,,2015,2015-12-26,63056000000.0,28384000000.0,34672000000.0,24885000000.0,754000000.0,,,8353000000.0,5452000000.0,2416000000.0,10580000000.0,6437000000.0,2720000000.0,23031000000.0,69667000000.0,16317000000.0,17578000000.0,57637000000.0,29213000000.0,12068000000.0,9096000000.0,,-0.05439167403986023,0.5498604415123065,0.13246955087541235,0.08646282669373255,0.8675304491245877,37.26060961684852,1.0234939358507464,0.9763449602286295,0.9412133443485793,0.9456083259601398,1.0243861573105164,1.0072874780286654,1.1298766287561555,-0.07360730331433821,-2.9284698900845982,False,4
77476,PEP,PEPSICO INC,2080,Beverages,control,,2016,2016-12-31,62799000000.0,28209000000.0,34590000000.0,24735000000.0,760000000.0,,,9785000000.0,6329000000.0,2368000000.0,10404000000.0,6694000000.0,2723000000.0,27089000000.0,74129000000.0,16591000000.0,21135000000.0,62930000000.0,30053000000.0,11246000000.0,9158000000.0,,-0.0040757421974118024,0.5508049491233937,0.1558145830347617,0.10078185958375134,0.8441854169652383,38.906829726588,1.04418124466206,0.9982852230856124,0.9438372837582851,0.9959242578025882,1.0325790879225993,0.998040026303195,1.028122354717716,-0.05497173845593492,-2.728909020164509,False,1
77476,PEP,PEPSICO INC,2080,Beverages,control,,2017,2017-12-30,63525000000.0,28785000000.0,34740000000.0,24231000000.0,737000000.0,,,10509000000.0,4857000000.0,2369000000.0,9994000000.0,7024000000.0,2947000000.0,31027000000.0,79804000000.0,17240000000.0,20502000000.0,68823000000.0,33796000000.0,11045000000.0,10610000000.0,,0.011560693641618602,0.5468713105076741,0.16543093270365997,0.07645808736717828,0.8345690672963401,40.35828414010232,1.0373059029407998,1.0071929877105235,0.9620792002674607,1.0115606936416186,1.0338479174952433,0.9684283115307979,0.9853242092928409,-0.06437020700716756,-2.7339549102435696,False,2
77476,PEP,PEPSICO INC,2080,Beverages,control,,2018,2018-12-29,64661000000.0,29381000000.0,35280000000.0,25170000000.0,680000000.0,,,10110000000.0,12515000000.0,2399000000.0,9415000000.0,7142000000.0,3128000000.0,21893000000.0,77648000000.0,17589000000.0,22138000000.0,63046000000.0,28295000000.0,14518000000.0,8721000000.0,,0.017882723337268702,0.5456148219173845,0.15635390730115525,0.19354788821700872,0.8436460926988447,40.31533691096642,0.9989358509646543,1.0023028857351677,1.2438002902873087,1.0178827233372687,1.0065809501983025,1.0205026454127342,0.954608628792773,0.03992375849989697,-2.166439788283837,False,0
77476,PEP,PEPSICO INC,2080,Beverages,control,,2019,2019-12-28,67161000000.0,30132000000.0,37029000000.0,26738000000.0,711000000.0,,,10291000000.0,7314000000.0,2432000000.0,9649000000.0,7822000000.0,3338000000.0,17645000000.0,78547000000.0,19305000000.0,20461000000.0,63679000000.0,29148000000.0,14786000000.0,5509000000.0,,0.038663181825211446,0.5513467637468173,0.15322880838581915,0.10890248805110109,0.8467711916141808,42.510236595643306,1.05444329262395,0.9896037444919783,1.077422487746834,1.0386631818252114,1.0727460942025742,1.0227534807944976,0.9724031152142065,-0.029727424344659886,-2.495253385503459,False,0
77476,PEP,PEPSICO INC,2080,Beverages,control,,2020,2020-12-26,70372000000.0,31797000000.0,38575000000.0,28495000000.0,719000000.0,,,10080000000.0,7120000000.0,2548000000.0,10613000000.0,8404000000.0,4172000000.0,23001000000.0,92918000000.0,21369000000.0,23372000000.0,79366000000.0,40370000000.0,13454000000.0,8185000000.0,,0.04781048525185749,0.5481583584380151,0.14323878815437957,0.10117660433126811,0.8567612118456204,43.58921161825726,1.0253815341673385,1.0058165770159697,0.9865953907176283,1.0478104852518575,1.0501981407678738,1.017084421415934,1.08616289433088,-0.03759228567123701,-2.6175816506041887,False,0
77476,PEP,PEPSICO INC,2080,Beverages,control,,2021,2021-12-25,79474000000.0,37075000000.0,42399000000.0,31237000000.0,752000000.0,,,11162000000.0,7618000000.0,2710000000.0,11616000000.0,8680000000.0,4347000000.0,21783000000.0,92377000000.0,22407000000.0,26220000000.0,76226000000.0,36026000000.0,16043000000.0,5596000000.0,,0.1293412152560678,0.5334952311447769,0.14044844854921107,0.09585524825729169,0.859551551450789,39.864609809497445,0.914552209813316,1.0274850203661126,0.9983769483314979,1.1293412152560678,0.9873956164824014,0.9706786518622622,0.9822493759701804,-0.04327917122227394,-2.6224882454002056,False,0
77476,PEP,PEPSICO INC,2080,Beverages,control,,2022,2022-12-31,86392000000.0,40576000000.0,45816000000.0,34459000000.0,771000000.0,,,11512000000.0,8910000000.0,2763000000.0,10811000000.0,10163000000.0,5222000000.0,21539000000.0,92187000000.0,24291000000.0,26785000000.0,74914000000.0,35657000000.0,17149000000.0,4954000000.0,,0.08704733623575,0.5303268821187147,0.13325307898879526,0.10313454949532364,0.8667469210112048,42.93794564311511,1.077094341279253,1.005974332308791,0.9640057086125225,1.08704733623575,1.0564577322106483,1.0148103696516027,1.005216314596026,-0.02062112879256294,-2.437060969231451,False,0
77476,PEP,PEPSICO INC,2080,Beverages,control,,2023,2023-12-30,91471000000.0,41881000000.0,49590000000.0,36677000000.0,804000000.0,,,11986000000.0,9074000000.0,2948000000.0,13442000000.0,10815000000.0,5334000000.0,26950000000.0,100495000000.0,27039000000.0,31647000000.0,81858000000.0,37595000000.0,18503000000.0,9711000000.0,,0.05879016575608853,0.5421390386023985,0.1310360660755868,0.09920083961036831,0.8689639339244132,43.15548097211138,1.0050662724016737,0.9782119426150626,0.9202776866929693,1.0587901657560885,1.038855012724438,1.0052665606824813,1.0172273449939662,-0.04346484899746256,-2.672053002657548,False,0
77476,PEP,PEPSICO INC,2080,Beverages,control,,2024,2024-12-28,91854000000.0,41744000000.0,50110000000.0,37190000000.0,813000000.0,,,12887000000.0,9578000000.0,3160000000.0,12507000000.0,10333000000.0,5306000000.0,25826000000.0,99467000000.0,28008000000.0,31536000000.0,81296000000.0,37224000000.0,18041000000.0,8505000000.0,,0.0041871194148965785,0.5455396607659982,0.1402987349489407,0.10427417423302197,0.8597012650510593,41.06021512400113,0.9514484417526412,0.9937664987384696,0.9913693067522997,1.0041871194148966,0.9696529255504389,1.0097589858551723,1.003302049535532,-0.029446952255521932,-2.671741130738136,False,0
77476,PEP,PEPSICO INC,2080,Beverages,control,,2025,2025-12-27,93925000000.0,43066000000.0,50859000000.0,37368000000.0,839000000.0,,,11498000000.0,8240000000.0,3451000000.0,12087000000.0,11506000000.0,5845000000.0,27949000000.0,107399000000.0,29905000000.0,32764000000.0,86852000000.0,42321000000.0,20406000000.0,9159000000.0,,0.022546650118666633,0.541485227575193,0.12241682193239287,0.08772957146659568,0.8775831780676071,44.71322863987224,1.0889672278832216,1.0074876155143904,1.0055405607780596,1.0225466501186666,0.9799573019039803,0.9826311911947389,1.0113374718970374,-0.035819700369649626,-2.54247189740211,False,0
80424,PG,PROCTER & GAMBLE Co,2840,"Soap, Detergents, Cleang Preparations, Perfumes, Cosmetics",control,,2014,2014-06-30,29400000000.0,42460000000.0,-13060000000.0,25314000000.0,2000000000.0,,,15288000000.0,11643000000.0,3141000000.0,13958000000.0,6386000000.0,6759000000.0,31617000000.0,144266000000.0,22304000000.0,33726000000.0,74290000000.0,19811000000.0,69976000000.0,8558000000.0,,0.006849315068493178,-0.44421768707482995,0.52,0.3960204081632653,0.48,79.28197278911564,0.9745786452257609,1.0198011286160817,0.9316816704895015,1.0068493150684932,0.9800776208868044,0.9329052288819053,1.051525811932427,-0.016046746981270708,-2.597106109157128,False,4
80424,PG,PROCTER & GAMBLE Co,2840,"Soap, Detergents, Cleang Preparations, Perfumes, Cosmetics",control,,2015,2015-06-30,76279000000.0,38876000000.0,37403000000.0,23585000000.0,2000000000.0,,,11790000000.0,7036000000.0,3134000000.0,14608000000.0,4861000000.0,5454000000.0,29646000000.0,129495000000.0,20268000000.0,29790000000.0,66445000000.0,18329000000.0,63050000000.0,6845000000.0,,1.5945238095238095,0.4903446558030388,0.1545641657599077,0.09224032826859292,0.8454358342400923,23.260202677014643,0.2933857705443974,-0.9059294963607453,0.9813326767770664,2.5945238095238095,0.9217634090220245,0.35910168612591997,1.0013215257333474,-0.05847330012741805,-2.894433633851575,False,4
80424,PG,PROCTER & GAMBLE Co,2840,"Soap, Detergents, Cleang Preparations, Perfumes, Cosmetics",control,,2016,2016-06-30,65299000000.0,32909000000.0,32390000000.0,18949000000.0,1900000000.0,,,13441000000.0,10508000000.0,3078000000.0,15435000000.0,4373000000.0,4716000000.0,33782000000.0,127136000000.0,19385000000.0,30770000000.0,69153000000.0,18945000000.0,57983000000.0,7102000000.0,,-0.14394525360846366,0.4960259728326621,0.20583776168088333,0.16092130047933353,0.7941622383191167,24.44363619657269,1.0508780398860194,0.9885463315616743,0.9467271064858567,0.8560547463915363,0.9773388411568983,0.938531547951941,1.052338130655214,-0.03875377548452051,-2.7796380991697784,False,0
80424,PG,PROCTER & GAMBLE Co,2840,"Soap, Detergents, Cleang Preparations, Perfumes, Cosmetics",control,,2017,2017-06-30,65058000000.0,32638000000.0,32420000000.0,18568000000.0,1900000000.0,,,13955000000.0,15326000000.0,2820000000.0,12753000000.0,4594000000.0,4624000000.0,26494000000.0,120406000000.0,19893000000.0,30210000000.0,64628000000.0,18038000000.0,55778000000.0,5569000000.0,,-0.0036907150186067383,0.4983245719204402,0.21450090688308893,0.23557441052599218,0.785499093116911,25.774078514556244,1.0544289854129845,0.9953873454826444,1.0566079655835396,0.9963092849813933,1.1036369973886135,0.9835233022914163,1.0247366900456734,0.021369366975067687,-2.3061326975690917,False,1
80424,PG,PROCTER & GAMBLE Co,2840,"Soap, Detergents, Cleang Preparations, Perfumes, Cosmetics",control,,2018,2018-06-30,66832000000.0,34432000000.0,32400000000.0,18853000000.0,1900000000.0,,,13711000000.0,9750000000.0,2834000000.0,14867000000.0,4686000000.0,4738000000.0,23320000000.0,118310000000.0,20600000000.0,28237000000.0,65427000000.0,20863000000.0,52883000000.0,2569000000.0,,0.027267976267330685,0.48479770169978453,0.20515621259276992,0.1458881972707685,0.79484378740723,25.592380895379456,0.9929503738000112,1.0279020923020636,1.022817193431258,1.0272679762673307,1.026647105589085,0.9883973909074303,1.0356877780805147,-0.04325078184430733,-2.647192416166988,False,2
80424,PG,PROCTER & GAMBLE Co,2840,"Soap, Detergents, Cleang Preparations, Perfumes, Cosmetics",control,,2019,2019-06-30,67684000000.0,34768000000.0,32916000000.0,19084000000.0,1900000000.0,,,5487000000.0,3897000000.0,2824000000.0,15242000000.0,4951000000.0,5017000000.0,22473000000.0,115095000000.0,21271000000.0,30011000000.0,67516000000.0,20395000000.0,47579000000.0,4239000000.0,,0.012748384007660984,0.4863187754860824,0.08106790378819219,0.057576384374445955,0.9189320962118078,26.699293776963536,1.0432516570501622,0.9968722700768081,0.9859400366416772,1.012748384007661,1.031847838096797,0.9995105475987797,1.055275219824162,-0.09857074590555628,-2.911709413355682,False,0
80424,PG,PROCTER & GAMBLE Co,2840,"Soap, Detergents, Cleang Preparations, Perfumes, Cosmetics",control,,2020,2020-06-30,70950000000.0,35250000000.0,35700000000.0,19994000000.0,1800000000.0,,,15706000000.0,13027000000.0,3013000000.0,17403000000.0,4178000000.0,5498000000.0,27987000000.0,120700000000.0,20692000000.0,32976000000.0,73822000000.0,23537000000.0,46878000000.0,16181000000.0,,0.04825364931150644,0.5031712473572939,0.22136715997181114,0.18360817477096547,0.7786328400281889,21.493587033121916,0.8050245528092146,0.9665074823736006,0.9625166927140372,1.0482536493115064,0.9221012053529952,0.999456500240988,1.0690925780425988,-0.03625517812758906,-2.850258592584701,False,0
80424,PG,PROCTER & GAMBLE Co,2840,"Soap, Detergents, Cleang Preparations, Perfumes, Cosmetics",control,,2021,2021-06-30,76118000000.0,37108000000.0,39010000000.0,21024000000.0,1900000000.0,,,17986000000.0,14306000000.0,2735000000.0,18371000000.0,4725000000.0,5983000000.0,23091000000.0,119307000000.0,21686000000.0,33132000000.0,72653000000.0,23099000000.0,46654000000.0,10288000000.0,,0.07284002818886548,0.5124937596889041,0.23629102183452008,0.18794503271236765,0.7637089781654799,22.657255839617434,1.0541402793634347,0.9818095105445398,1.046919571462748,1.0728400281888655,1.134920092992515,0.9801232495132811,1.0066274964783883,-0.03407176443963891,-2.4985210747863538,False,0
80424,PG,PROCTER & GAMBLE Co,2840,"Soap, Detergents, Cleang Preparations, Perfumes, Cosmetics",control,,2022,2022-06-30,80187000000.0,42157000000.0,38030000000.0,20217000000.0,2000000000.0,,,17813000000.0,14742000000.0,2807000000.0,16723000000.0,5143000000.0,6924000000.0,21653000000.0,117208000000.0,21195000000.0,33081000000.0,70354000000.0,22848000000.0,46854000000.0,7214000000.0,,0.05345647547229304,0.4742664022846596,0.22214324017608839,0.18384526170077445,0.7778567598239116,23.41021611981992,1.0332326335339292,1.0806031319530411,1.015586525009551,1.053456475472293,0.9576325642748178,0.9128191996470807,1.012441450566624,-0.01690157668418538,-2.425915380340719,False,0
80424,PG,PROCTER & GAMBLE Co,2840,"Soap, Detergents, Cleang Preparations, Perfumes, Cosmetics",control,,2023,2023-06-30,82006000000.0,42760000000.0,39246000000.0,21112000000.0,2000000000.0,,,18134000000.0,14653000000.0,2714000000.0,16848000000.0,5471000000.0,7073000000.0,22648000000.0,120829000000.0,21909000000.0,35756000000.0,73764000000.0,24378000000.0,47065000000.0,8246000000.0,,0.02268447503959492,0.47857473843377313,0.2211301612077165,0.17868204765504964,0.7788698387922834,24.350840182425678,1.0401800674454,0.990997568816078,0.9949742186076178,1.022684475039595,1.0610261875131137,1.0211064111404167,1.0429635075889052,-0.018166168717774708,-2.52524434712673,False,0
80424,PG,PROCTER & GAMBLE Co,2840,"Soap, Detergents, Cleang Preparations, Perfumes, Cosmetics",control,,2024,2024-06-30,84039000000.0,40848000000.0,43191000000.0,23305000000.0,2000000000.0,,,18545000000.0,14879000000.0,2896000000.0,19846000000.0,6118000000.0,7016000000.0,24709000000.0,122370000000.0,22152000000.0,33627000000.0,71811000000.0,25269000000.0,50559000000.0,9482000000.0,,0.024790868960807844,0.5139399564487916,0.22067135496614668,0.17704875117504967,0.7793286450338534,26.5718297457133,1.0912079232851497,0.9311880355452724,0.9775293489257743,1.0247908689608078,0.9533302533699909,1.0771705790290143,0.9670789449529865,-0.040590013892293865,-2.6171819661878155,False,0
80424,PG,PROCTER & GAMBLE Co,2840,"Soap, Detergents, Cleang Preparations, Perfumes, Cosmetics",control,,2025,2025-06-30,84284000000.0,41164000000.0,43120000000.0,22669000000.0,2100000000.0,,,20451000000.0,15974000000.0,2847000000.0,17817000000.0,6185000000.0,7551000000.0,25392000000.0,125231000000.0,23897000000.0,36058000000.0,72946000000.0,24995000000.0,52284000000.0,9556000000.0,,0.0029153131284285205,0.5116036258364577,0.24264391818138675,0.1895258886621423,0.7573560818186132,26.784739689620803,1.0080126188503016,1.0045666811069098,0.9827576275615786,1.0029153131284285,1.0860864596946114,0.9698822086086465,1.0129413972563057,-0.014716803347413978,-2.532594198969007,False,0
80424,PG,PROCTER & GAMBLE Co,2840,"Soap, Detergents, Cleang Preparations, Perfumes, Cosmetics",control,,2026,2026-06-30,87032000000.0,43362000000.0,43670000000.0,23922000000.0,2100000000.0,,,19748000000.0,16046000000.0,3160000000.0,19556000000.0,6056000000.0,8170000000.0,26208000000.0,126521000000.0,25360000000.0,38694000000.0,72210000000.0,22842000000.0,54311000000.0,9942000000.0,,0.03260405296378899,0.5017694641051568,0.22690504641970768,0.18436896773600514,0.7730949535802923,25.398014523393694,0.9482270433725936,1.0195989641355296,0.9769137502310198,1.032604052963789,0.9607790887439085,1.021953883285561,0.9976345616329699,-0.027742430110416452,-2.634846701556809,False,0
1093691,PLUG,PLUG POWER INC,3620,Electrical Industrial Apparatus,reference,Restated 2018-2020 financial statements in 2021,2014,2014-12-31,64229884.0,69092000.0,-4862000.0,21809222.0,6468470.0,33070000.0,,-37931536.0,-88487823.0,1946488.0,-40779534.0,,24735601.0,192745226.0,205880660.0,5311907.0,25706641.0,46444821.0,,158283119.0,146205071.0,3318919.0,1.414527671221259,-0.07569685163996248,-0.5905589989855812,-1.3776737164899753,1.5905589989855813,,,5.5855462576486135,0.21108491312004982,2.414527671221259,0.990125214406676,0.7328323598752855,0.35027719853184236,-0.2317278806081154,,False,1
1093691,PLUG,PLUG POWER INC,3620,Electrical Industrial Apparatus,reference,Restated 2018-2020 financial statements in 2021,2015,2015-12-31,103288000.0,113178000.0,-9890000.0,34164000.0,14948000.0,49112000.0,,-59002000.0,-55690000.0,2006000.0,-47274000.0,,32752000.0,131230000.0,209456000.0,7255000.0,42706000.0,83567000.0,,124736000.0,63961000.0,4468000.0,0.6080988095821565,-0.09575168461002247,-0.5712377042831694,-0.539172023855627,1.5712377042831693,,,0.7905725936956881,8.916636969064578,1.6080988095821565,1.2380497234214038,0.9741275126819661,1.6329252682820172,-0.04018027652585746,,False,0
1093691,PLUG,PLUG POWER INC,3620,Electrical Industrial Apparatus,reference,Restated 2018-2020 financial statements in 2021,2016,2016-12-31,85928000.0,81982000.0,3946000.0,34288000.0,21177000.0,55465000.0,,-51519000.0,-57487000.0,4650000.0,-29636000.0,,29940000.0,110933000.0,240832000.0,,66485000.0,146122000.0,20829000.0,85088000.0,46014000.0,5736000.0,-0.16807373557431649,0.04592216739595941,-0.599560096825249,-0.6690135927753468,1.599560096825249,,,-2.0850863545793232,,0.8319262644256835,,1.2063924346319421,1.7781713226956926,-0.11564493090619186,,False,1
1093691,PLUG,PLUG POWER INC,3620,Electrical Industrial Apparatus,reference,Restated 2018-2020 financial statements in 2021,2017,2017-12-31,132929000.0,131351000.0,-28089000.0,45010000.0,28693000.0,73703000.0,,-101792000.0,-127080000.0,9190000.0,-60182000.0,,48776000.0,119607000.0,270810000.0,,115721000.0,196455000.0,13371000.0,73646000.0,24828000.0,8630000.0,0.5469811935573969,-0.21130829239669296,-0.7657621737920243,-0.9559990671711966,1.7657621737920244,,,3.8684333268551896,,1.546981193557397,,0.8485585723494177,1.314815877765287,-0.24702928252280196,,False,1
1093691,PLUG,PLUG POWER INC,3620,Electrical Industrial Apparatus,reference,Restated 2018-2020 financial statements in 2021,2018,2018-12-31,174632000.0,172010000.0,2622000.0,38198000.0,33907000.0,72105000.0,,-69483000.0,-78115000.0,11014000.0,-57617000.0,,47910000.0,155615000.0,390326000.0,,146370000.0,355970000.0,133000.0,2713000.0,38602000.0,12055000.0,0.3137238676285836,0.01501443034495396,-0.39788240414127996,-0.44731206193595674,1.3978824041412798,,,0.7906393070625114,,1.3137238676285836,,0.6459925675146082,0.7873800464789377,-0.052515077140646536,,False,9
1093691,PLUG,PLUG POWER INC,3620,Electrical Industrial Apparatus,reference,Restated 2018-2020 financial statements in 2021,2019,2019-12-31,230239000.0,219327000.0,27966000.0,44333000.0,33675000.0,78008000.0,,-50042000.0,-85465000.0,11989000.0,-51522000.0,,72391000.0,313340000.0,771184000.0,14959000.0,150791000.0,635355000.0,,134679000.0,139496000.0,11691000.0,0.3184238856566952,0.12146508627990914,-0.21734806005932966,-0.37120123002619015,1.2173480600593296,,,0.3167987012639163,,1.3184238856566952,,0.8803014840630071,0.5209527966519156,-0.0440141392974958,,False,7
1093691,PLUG,PLUG POWER INC,3620,Electrical Industrial Apparatus,reference,Restated 2018-2020 financial statements in 2021,2020,2020-12-31,-93237000.0,376179000.0,-469416000.0,79348000.0,27848000.0,114786000.0,,-584202000.0,-596155000.0,14434000.0,-155476000.0,,139386000.0,1603196000.0,2251282000.0,74549000.0,222366000.0,784363000.0,,1466919000.0,1312404000.0,23275000.0,-1.4049574572509436,5.0346536246339975,6.265774317062968,6.393974495103875,-5.265774317062968,,,0.009413602803317943,0.44360719389137704,-0.40495745725094356,2.742690259476531,-4.419767895389175,0.5051508337423809,-0.1957458017254169,,False,0
1093691,PLUG,PLUG POWER INC,3620,Electrical Industrial Apparatus,reference,Restated 2018-2020 financial statements in 2021,2021,2021-12-31,502342000.0,673652000.0,-171310000.0,179852000.0,64762000.0,266014000.0,,-437324000.0,-459965000.0,20900000.0,-358176000.0,,269163000.0,4448525000.0,5950076000.0,255623000.0,420553000.0,1344380000.0,,4605696000.0,2481269000.0,116377000.0,-6.387796690155196,-0.3410226499078317,-0.8705702489538999,-0.9156411369146916,1.8705702489539,,,-14.763399516116348,0.8219376826146539,-5.387796690155196,2.146172526798974,-0.4206957143365068,0.7155825434384413,-0.017107176446149595,,False,0
1093691,PLUG,PLUG POWER INC,3620,Electrical Industrial Apparatus,reference,Restated 2018-2020 financial statements in 2021,2022,2022-12-31,701440000.0,895796000.0,-194356000.0,363929000.0,99579000.0,485194000.0,,-679550000.0,-724008000.0,30402000.0,-828623000.0,129450000.0,645636000.0,3305298000.0,5764276000.0,719793000.0,635275000.0,1704062000.0,9000000.0,4060214000.0,690630000.0,131813000.0,0.3963395455685568,-0.2770814324817518,-0.968792769160584,-1.0321738138686132,1.968792769160584,67.36035869069343,,1.2307668790845123,1.440889182818039,1.3963395455685568,1.8650352166543835,1.4491400346772096,1.5813510457027882,0.01814885338592392,,False,0
1093691,PLUG,PLUG POWER INC,3620,Electrical Industrial Apparatus,reference,Restated 2018-2020 financial statements in 2021,2023,2023-12-31,891340000.0,1399131000.0,-507791000.0,422469000.0,113745000.0,835732000.0,,-1343523000.0,-1368833000.0,51986000.0,-1106570000.0,243811000.0,961253000.0,1786965000.0,4902738000.0,1436177000.0,964800000.0,2004613000.0,3900000.0,2898125000.0,135033000.0,204139000.0,0.27072878649635035,-0.5696939439495591,-1.5073069760136424,-1.5357024255615142,2.507306976013642,99.8395842215092,1.4821712081426777,0.486368927429365,1.1354424644065069,1.2707287864963503,1.1600910852779323,0.913535259318113,1.7677632531791228,-0.053493170550822824,-2.4794615802436843,False,0
1093691,PLUG,PLUG POWER INC,3620,Electrical Industrial Apparatus,reference,Restated 2018-2020 financial statements in 2021,2024,2024-12-31,628814000.0,1253701000.0,-624887000.0,376110000.0,77226000.0,1394957000.0,,-2019844000.0,-2104701000.0,61115000.0,-728643000.0,157244000.0,682642000.0,1477484000.0,3602846000.0,866329000.0,748489000.0,1795090000.0,,1734137000.0,205693000.0,144093000.0,-0.2945295846702717,-0.9937549100369902,-3.212148584478081,-3.3470962796629844,4.212148584478081,91.27350854147649,0.9142016090428865,0.5732740922289918,1.0200589437008651,0.7054704153297283,0.5301219414087225,1.261947326799234,1.0514511705007663,-0.3819363913972454,-4.941858200303296,False,0
1093691,PLUG,PLUG POWER INC,3620,Electrical Industrial Apparatus,reference,Restated 2018-2020 financial statements in 2021,2025,2025-12-31,709919000.0,951959000.0,-242040000.0,379570000.0,57960000.0,1225345000.0,,-1467385000.0,-1631594000.0,37610000.0,-535835000.0,134758000.0,520968000.0,1410268000.0,2594568000.0,281001000.0,610588000.0,1591254000.0,,978069000.0,368540000.0,66742000.0,0.12898090691365005,-0.3409403044572691,-2.0669752464717805,-2.2982819166693664,3.0669752464717805,69.28490433415644,0.7590910598410052,2.9147475292453726,0.9962654229893563,1.12898090691365,0.5582356300707038,0.8939030147941228,1.1327745525897206,-0.42232811011312865,-3.6291520566526687,False,0
1375365,SMCI,"Super Micro Computer, Inc.",3571,Electronic Computers,reference,SEC settlement 2020 over improper revenue recognition (FY2015-2017); auditor resigned 2024,2014,2014-06-30,1467202000.0,1241657000.0,225545000.0,,84257000.0,145286000.0,,80259000.0,54157000.0,6364000.0,6538000.0,212738000.0,315837000.0,654081000.0,796325000.0,130589000.0,310886000.0,327094000.0,3733000.0,469056000.0,96872000.0,,0.26204302397895685,0.15372457234927434,0.05470207919563905,0.03691175448234122,0.9452979208043609,52.92343521887238,1.1287422058241192,0.8955808025755568,0.7035431740743187,1.2620430239789568,1.6251925865779089,,1.006448865330157,0.059798449125671053,,False,0
1375365,SMCI,"Super Micro Computer, Inc.",3571,Electronic Computers,reference,SEC settlement 2020 over improper revenue recognition (FY2015-2017); auditor resigned 2024,2015,2015-06-30,1954353000.0,1670924000.0,320231000.0,,100257000.0,173485000.0,,146746000.0,101863000.0,8133000.0,-44636000.0,322594000.0,463493000.0,914415000.0,1089809000.0,163038000.0,454107000.0,470724000.0,933000.0,618921000.0,95442000.0,4989000.0,0.33202721915591726,0.163855250305344,0.07508674226201714,0.052121085597126006,0.9249132577379828,60.24848632770027,1.1384084589092545,1.0599906119152287,0.7746501011467608,1.3320272191559173,0.9779981572539097,,1.056828675028998,0.13442630772915254,,False,6
1375365,SMCI,"Super Micro Computer, Inc.",3571,Electronic Computers,reference,SEC settlement 2020 over improper revenue recognition (FY2015-2017); auditor resigned 2024,2016,2016-06-30,2225022000.0,1884048000.0,331525000.0,,123994000.0,224675000.0,,106850000.0,72021000.0,13282000.0,107509000.0,288941000.0,448980000.0,938002000.0,1165600000.0,187949000.0,363618000.0,444221000.0,40000000.0,721195000.0,180964000.0,13418000.0,0.13849545092416782,0.14899852675613995,0.04802199708587151,0.03236866871428687,0.9519780029141285,47.39884144965758,0.7867225276307922,0.9463555202449041,3.0002344261208247,1.1384954509241678,0.7198665503652861,,0.8293193578108363,-0.030446122168840083,,False,3
1375365,SMCI,"Super Micro Computer, Inc.",3571,Electronic Computers,reference,SEC settlement 2020 over improper revenue recognition (FY2015-2017); auditor resigned 2024,2017,2017-06-30,2484929000.0,2134971000.0,349958000.0,,143992000.0,255083000.0,,94875000.0,66854000.0,16357000.0,-96188000.0,324004000.0,736668000.0,1261166000.0,1515130000.0,195576000.0,672530000.0,741284000.0,0.0,773676000.0,110606000.0,32957000.0,0.11681097984649136,0.14083219279102138,0.03818016530854604,0.026903786788274434,0.9618198346914539,47.5914845051911,1.004064298823382,1.0881405969921465,1.132898501544961,1.1168109798464914,0.8551917894312029,,1.2818605357149508,0.10760924805132233,,False,0
1375365,SMCI,"Super Micro Computer, Inc.",3571,Electronic Computers,reference,SEC settlement 2020 over improper revenue recognition (FY2015-2017); auditor resigned 2024,2018,2018-06-30,3360492000.0,2930498000.0,429994000.0,,165104000.0,335280000.0,,94714000.0,46165000.0,21846000.0,84347000.0,451393000.0,853252000.0,1530878000.0,1769505000.0,196631000.0,811557000.0,925853000.0,,843495000.0,115377000.0,58549000.0,0.35234930253540453,0.1279556683961753,0.028184563450828034,0.013737571760325572,0.971815436549172,49.02807237749711,1.0301858176361218,1.1006327000299656,0.615860614502398,1.3523493025354045,0.771860581411113,,1.033250131875779,-0.021577785877971524,,False,0
1375365,SMCI,"Super Micro Computer, Inc.",3571,Electronic Computers,reference,SEC settlement 2020 over improper revenue recognition (FY2015-2017); auditor resigned 2024,2019,2019-06-30,3500360000.0,3004838000.0,495522000.0,,179907000.0,398289000.0,,97233000.0,71918000.0,24202000.0,262554000.0,393624000.0,670188000.0,1421771000.0,1682594000.0,207337000.0,605969000.0,741418000.0,0.0,941015000.0,248164000.0,94153000.0,0.04162128640687146,0.141563153504211,0.02777799997714521,0.020545886708795667,0.9722220000228547,41.04513821435509,0.8371762589057852,0.9038769286272581,1.339382595287456,1.0416212864068715,0.9566192200130865,,0.785242572876068,-0.11329887067230716,,False,0
1375365,SMCI,"Super Micro Computer, Inc.",3571,Electronic Computers,reference,SEC settlement 2020 over improper revenue recognition (FY2015-2017); auditor resigned 2024,2020,2020-06-30,3339281000.0,2813071000.0,526210000.0,,221478000.0,440556000.0,,85654000.0,84308000.0,28472000.0,-30334000.0,403745000.0,851498000.0,1592761000.0,1918646000.0,233785000.0,707635000.0,852939000.0,5697000.0,1065540000.0,210533000.0,106157000.0,-0.04601783816521732,0.15758182674653615,0.02565043193429963,0.025247351151340663,0.9743495680657004,44.13133396081372,1.075190287588781,0.8983469504507616,1.5100940401541236,0.9539821618347827,0.9628003007681716,,1.0323471971543516,0.05975151226437811,,False,0
1375365,SMCI,"Super Micro Computer, Inc.",3571,Electronic Computers,reference,SEC settlement 2020 over improper revenue recognition (FY2015-2017); auditor resigned 2024,2021,2021-06-30,3557422000.0,3022884000.0,534538000.0,,224369000.0,410591000.0,,123947000.0,111865000.0,28185000.0,122955000.0,463834000.0,1040964000.0,1867259000.0,2241964000.0,274713000.0,968896000.0,1145566000.0,34700000.0,1096225000.0,232266000.0,101479000.0,0.06532573928339658,0.15025993542514776,0.03484180398052297,0.031445524315079854,0.965158196019477,47.59047703646067,1.0783829258077375,1.0487281676294598,0.9291200728298928,1.0653257392833966,1.1667270117405504,,1.204019256038666,-0.00494655578769329,,False,0
1375365,SMCI,"Super Micro Computer, Inc.",3571,Electronic Computers,reference,SEC settlement 2020 over improper revenue recognition (FY2015-2017); auditor resigned 2024,2022,2022-06-30,5196099000.0,4396098000.0,800001000.0,,272273000.0,464834000.0,,335167000.0,285163000.0,32471000.0,-440801000.0,834513000.0,1545606000.0,2806315000.0,3205077000.0,285972000.0,1470024000.0,1779330000.0,147618000.0,1425575000.0,267397000.0,111313000.0,0.46063610108668573,0.1539618471472541,0.06450358239902665,0.054880209172304066,0.9354964176009734,58.62036981974362,1.231766804414097,0.9759556553087745,0.7890336203094939,1.4606361010866857,0.9125521159053087,,1.1274924947959677,0.22650438663408087,,False,1
1375365,SMCI,"Super Micro Computer, Inc.",3571,Electronic Computers,reference,SEC settlement 2020 over improper revenue recognition (FY2015-2017); auditor resigned 2024,2023,2023-06-30,7123482000.0,5840470000.0,1283012000.0,,307260000.0,521870000.0,,761142000.0,639998000.0,34904000.0,663580000.0,1148259000.0,1445564000.0,3179426000.0,3674729000.0,290240000.0,1374652000.0,1702559000.0,120179000.0,1972005000.0,440459000.0,134667000.0,0.37092884488921407,0.18011023260815426,0.106849711980742,0.08984342207925843,0.893150288019258,58.835627716894635,1.0036720665156655,0.8548201005448243,1.585732257795104,1.370928844889214,0.9498707212891251,,0.8059773410045007,-0.006417343972848066,,False,1
1375365,SMCI,"Super Micro Computer, Inc.",3571,Electronic Computers,reference,SEC settlement 2020 over improper revenue recognition (FY2015-2017); auditor resigned 2024,2024,2024-06-30,14989251000.0,12927841000.0,2061410000.0,,463548000.0,850636000.0,,1210774000.0,1152666000.0,30100000.0,-2485972000.0,2737331000.0,4333029000.0,8931960000.0,9826092000.0,414008000.0,2345721000.0,4408722000.0,,5417206000.0,1669766000.0,193052000.0,1.1042028322665796,0.13752588438208152,0.08077615085637034,0.07689950618613298,0.9192238491436296,66.65615346624058,1.1329215995956865,1.3096460598483606,0.8756097717845447,2.1042028322665796,1.5838773804121993,,0.5868522186617322,0.37030367718926305,,False,0
1375365,SMCI,"Super Micro Computer, Inc.",3571,Electronic Computers,reference,SEC settlement 2020 over improper revenue recognition (FY2015-2017); auditor resigned 2024,2025,2025-06-30,21972042000.0,19542120000.0,2429922000.0,,636550000.0,1176928000.0,,1252994000.0,1048854000.0,41000000.0,1659524000.0,2203942000.0,4680375000.0,12301654000.0,14018429000.0,504488000.0,2344792000.0,7716558000.0,,6301693000.0,5169911000.0,368737000.0,0.46585323042492255,0.11059154174200105,0.057026743349571245,0.047735845398438614,0.9429732566504287,36.61192846800493,0.5492655451015159,1.2435479442262916,1.7698379857142164,1.4658532304249225,0.9017356577953902,,0.7006634246804612,-0.0435619426399349,,False,0
1375365,SMCI,"Super Micro Computer, Inc.",3571,Electronic Computers,reference,SEC settlement 2020 over improper revenue recognition (FY2015-2017); auditor resigned 2024,2026,2026-06-30,39063072000.0,34835821000.0,4227251000.0,,771232000.0,1456765000.0,,2770486000.0,2230453000.0,53000000.0,-6809886000.0,6125414000.0,12895949000.0,27726252000.0,29945467000.0,625553000.0,7160106000.0,15465851000.0,,14479452000.0,7521474000.0,1578005000.0,0.7778535103837869,0.10821604097086886,0.07092340305442439,0.05709876069142744,0.9290765969455757,57.23503031200414,1.5632891439199026,1.0219514662504763,0.6154021728460355,1.777853510383787,0.9622913033660979,,1.4294974472225752,0.3018934051020143,,False,0
27419,TGT,TARGET CORP,5331,Retail-Variety Stores,control,,2014,2014-02-01,72596000000.0,51160000000.0,21240000000.0,15375000000.0,,,,,1971000000.0,2223000000.0,6520000000.0,,8766000000.0,11573000000.0,44553000000.0,31378000000.0,12777000000.0,28322000000.0,11678000000.0,16231000000.0,,,-0.009617876973029071,0.2925781034767756,,0.027150256212463496,,,,1.0503058780916277,1.5434985742511067,0.9903821230269709,0.9872441550473343,1.0409220137083925,0.9216146947345706,-0.10210311314614055,,False,4
27419,TGT,TARGET CORP,5331,Retail-Variety Stores,control,,2015,2015-01-31,72618000000.0,51278000000.0,21340000000.0,14676000000.0,,,,,-1636000000.0,2129000000.0,4439000000.0,,8790000000.0,14087000000.0,41404000000.0,25958000000.0,11736000000.0,27407000000.0,11946000000.0,13997000000.0,,,0.000303046999834633,0.29386653446803823,,-0.02252884959651877,,,,1.004803004474623,0.9128335589353037,1.0003030469998346,0.8728044521142477,0.9542474035531068,1.0420423329244126,-0.14672495411071393,,False,1
27419,TGT,TARGET CORP,5331,Retail-Variety Stores,control,,2016,2016-01-30,73785000000.0,51997000000.0,21788000000.0,14665000000.0,,,,,3363000000.0,2213000000.0,5844000000.0,,8601000000.0,14130000000.0,40262000000.0,25217000000.0,12622000000.0,27305000000.0,11859000000.0,12957000000.0,4046000000.0,,0.016070395769643975,0.29529037067154573,,0.045578369587314496,,,,0.9951781827484946,0.6923865019662037,1.016070395769644,0.9395387590082851,0.9834461087829433,1.0630598907449256,-0.06162137996125379,,False,2
27419,TGT,TARGET CORP,5331,Retail-Variety Stores,control,,2017,2017-01-28,70271000000.0,48872000000.0,20623000000.0,13356000000.0,,,,4864000000.0,2737000000.0,2298000000.0,5436000000.0,,8309000000.0,11990000000.0,37431000000.0,24658000000.0,12708000000.0,26478000000.0,11715000000.0,10953000000.0,2512000000.0,,-0.047624856000542115,0.29347810618889725,0.0692177427388254,0.03894921091204053,0.9307822572611746,,,0.969687818938277,0.9204592844276105,0.9523751439994579,0.9463701416407047,0.9562826818193689,1.0730841255405557,-0.07210600838876867,,False,4
27419,TGT,TARGET CORP,5331,Retail-Variety Stores,control,,2018,2018-02-03,72714000000.0,51125000000.0,20754000000.0,14248000000.0,,,,4224000000.0,2934000000.0,2445000000.0,6923000000.0,,8657000000.0,12564000000.0,38999000000.0,25018000000.0,13201000000.0,27290000000.0,10440000000.0,11709000000.0,2643000000.0,,0.034765408205376325,0.2854195890750062,0.0580906015347801,0.040349863850152656,0.9419093984652199,,,1.0256586673855597,1.736944920190997,1.0347654082053763,0.9575549156680689,1.0309452312123932,0.9290622033310256,-0.10228467396599913,,False,3
27419,TGT,TARGET CORP,5331,Retail-Variety Stores,control,,2019,2019-02-02,75356000000.0,53299000000.0,22057000000.0,15723000000.0,,,,4110000000.0,2937000000.0,2474000000.0,5973000000.0,,9497000000.0,12519000000.0,41290000000.0,25533000000.0,15014000000.0,29993000000.0,10247000000.0,11297000000.0,1556000000.0,840000000.0,0.03633413097890359,0.2927039651786188,0.05454111152396624,0.03897499867296566,0.9454588884760338,,,1.0143454483249559,2.158318744142891,1.0363341309789036,1.0078543686808306,1.0648335015982084,1.0092372792098863,-0.0735286994429644,,False,0
27419,TGT,TARGET CORP,5331,Retail-Variety Stores,control,,2020,2020-02-01,78112000000.0,54864000000.0,23248000000.0,16233000000.0,,,,4658000000.0,3281000000.0,2604000000.0,7117000000.0,498000000.0,8992000000.0,12902000000.0,42779000000.0,26283000000.0,14487000000.0,30946000000.0,9992000000.0,11833000000.0,2577000000.0,935000000.0,0.03657306651096137,0.29762392462105697,0.059632322818517,0.042003789430561246,0.940367677181483,2.3270432199918067,,0.983469207158993,1.0713107995571585,1.0365730665109614,0.979928898618005,0.9960094384700844,0.9353138988329752,-0.08967016526800534,,False,0
27419,TGT,TARGET CORP,5331,Retail-Variety Stores,control,,2021,2021-01-30,93561000000.0,66177000000.0,27384000000.0,18615000000.0,,,,6539000000.0,4368000000.0,2485000000.0,10525000000.0,631000000.0,10653000000.0,20756000000.0,51248000000.0,26879000000.0,20125000000.0,36808000000.0,10643000000.0,14440000000.0,8511000000.0,,0.19778011061040557,0.29268605508705553,0.06989023204112825,0.04668611921634014,0.9301097679588718,2.461656031893631,1.0578471472920465,1.016870873921659,0.8391577228481721,1.1977801106104056,1.0651906871700658,0.9573861812208212,1.0492024633193402,-0.12014127380580705,-2.8698369441537563,False,0
27419,TGT,TARGET CORP,5331,Retail-Variety Stores,control,,2022,2022-01-29,106005000000.0,74963000000.0,31042000000.0,19752000000.0,,,,8946000000.0,6946000000.0,2642000000.0,8625000000.0,835000000.0,13902000000.0,21573000000.0,53811000000.0,28181000000.0,21747000000.0,40984000000.0,11568000000.0,12827000000.0,5911000000.0,,0.1330041363388592,0.29283524362058394,0.08439224564879015,0.0655252110749493,0.9156077543512099,2.8751002311211735,1.1679536839716393,0.9994905376426558,1.0694067096057502,1.1330041363388592,0.9873093972741938,0.9365188884519268,1.0312083219795314,-0.031201798888703055,-2.325810612990531,False,0
27419,TGT,TARGET CORP,5331,Retail-Variety Stores,control,,2023,2023-01-28,109120000000.0,82229000000.0,26891000000.0,20658000000.0,,,,3848000000.0,2780000000.0,2700000000.0,4018000000.0,1169000000.0,13499000000.0,17846000000.0,53335000000.0,31512000000.0,19500000000.0,42103000000.0,14141000000.0,11232000000.0,2229000000.0,,0.02938540634875708,0.24643511730205278,0.03526392961876833,0.025476539589442817,0.9647360703812317,3.910236436950147,1.3600348240469209,1.188285366251836,0.989029730299361,1.029385406348757,1.0861069836017117,1.0160128231195862,1.0187974348674183,-0.02321177463204275,-2.1351800521591757,False,0
27419,TGT,TARGET CORP,5331,Retail-Variety Stores,control,,2024,2024-02-03,107412000000.0,77736000000.0,29676000000.0,21554000000.0,,,,5707000000.0,4138000000.0,2801000000.0,8621000000.0,891000000.0,11886000000.0,17498000000.0,55356000000.0,33096000000.0,19304000000.0,41924000000.0,14151000000.0,13432000000.0,3805000000.0,,-0.015652492668621676,0.2762819796670763,0.05313186608572599,0.03852455963951886,0.946868133914274,3.0277343313596248,0.7743097841216875,0.891969565293439,1.1536694672740968,0.9843475073313783,1.0114172282259766,1.0599641078253246,0.9581637493951638,-0.0809848977527278,-3.070803354751987,False,0
27419,TGT,TARGET CORP,5331,Retail-Variety Stores,control,,2025,2025-02-01,106566000000.0,76502000000.0,30064000000.0,21969000000.0,,,,5566000000.0,4091000000.0,2981000000.0,7367000000.0,998000000.0,12740000000.0,19454000000.0,57769000000.0,,20799000000.0,43103000000.0,13904000000.0,14666000000.0,4762000000.0,,-0.007876214948050464,0.28211624720830286,0.052230542574554735,0.03838935495373759,0.9477694574254453,3.418257230261059,1.1289818908008575,0.9793196329564147,,0.9921237850519495,,1.0273455612474183,0.9939758593936577,-0.05670861534733161,,False,0
27419,TGT,TARGET CORP,5331,Retail-Variety Stores,control,,2026,2026-01-31,104780000000.0,75511000000.0,29269000000.0,21535000000.0,,,,5117000000.0,3705000000.0,3134000000.0,6562000000.0,1265000000.0,12304000000.0,20005000000.0,59490000000.0,,21230000000.0,43325000000.0,14398000000.0,16165000000.0,5488000000.0,,-0.016759566841206386,0.2793376598587517,0.048835655659477,0.03535980148883375,0.951164344340523,4.4066138576064136,1.289140506628833,1.009947056014417,,0.9832404331587936,,0.9969533976327556,0.9969544226521926,-0.048024878130778284,,False,0
1336917,UAA,"Under Armour, Inc.",2300,Apparel & Other Finishd Prods of  Fabrics & Similar Matl,reference,SEC settlement 2021 over undisclosed pull-forward of sales (2015-2016),2014,2013-12-31,2082500000.0,1195381000.0,1136670000.0,871572000.0,,,,265098000.0,162330000.0,50549000.0,120070000.0,209952000.0,469006000.0,1128811000.0,1577741000.0,223952000.0,426630000.0,524387000.0,47951000.0,1053354000.0,347489000.0,,0.2618153174987883,0.5458199279711885,0.12729795918367348,0.07794957983193278,0.8727020408163265,36.79830972388956,0.9479549823621252,0.988231566487177,2.271553198820888,1.2618153174987883,1.0447468248358829,1.0300128202524221,1.1411971239630594,0.0267851313998939,-1.707708543532164,True,0
1336917,UAA,"Under Armour, Inc.",2300,Apparel & Other Finishd Prods of  Fabrics & Similar Matl,reference,SEC settlement 2021 over undisclosed pull-forward of sales (2015-2016),2015,2014-12-31,2997932000.0,1572164000.0,1512206000.0,1158251000.0,,,,353955000.0,208042000.0,72093000.0,219033000.0,279835000.0,536714000.0,1549399000.0,2095083000.0,305564000.0,421627000.0,744783000.0,255250000.0,1350300000.0,593175000.0,,0.4395831932773109,0.5044163776896874,0.11806638709617162,0.06939516973700538,0.8819336129038283,34.07007730662337,0.9258598441684669,0.8957148728523678,0.8037532862031179,1.4395831932773109,0.9646573513844742,0.9231295353808942,1.0740732206675419,-0.00524609287555672,-2.330058050868854,False,0
1336917,UAA,"Under Armour, Inc.",2300,Apparel & Other Finishd Prods of  Fabrics & Similar Matl,reference,SEC settlement 2021 over undisclosed pull-forward of sales (2015-2016),2016,2015-12-31,3825691000.0,2057766000.0,1905547000.0,1497000000.0,,,,408547000.0,232573000.0,100940000.0,-44104000.0,433638000.0,783031000.0,1498763000.0,2868900000.0,538531000.0,478810000.0,1200678000.0,352000000.0,1668222000.0,129852000.0,,0.2761099984922941,0.4980922400685262,0.1067903811363751,0.06079241632426665,0.8932096188636249,41.372361228337574,1.2143312988695394,1.029136869680762,2.529152995420098,1.2761099984922941,1.2093530740420413,1.0128170530845053,0.8963503253590862,0.09644009899264526,-0.8963552718652698,True,2
1336917,UAA,"Under Armour, Inc.",2300,Apparel & Other Finishd Prods of  Fabrics & Similar Matl,reference,SEC settlement 2021 over undisclosed pull-forward of sales (2015-2016),2017,2016-12-31,4833338000.0,2584724000.0,2240611000.0,1823140000.0,,,,417471000.0,256979000.0,144770000.0,304487000.0,622685000.0,917491000.0,1965153000.0,3644331000.0,804211000.0,685816000.0,1613431000.0,790388000.0,2030900000.0,250470000.0,,0.2633895419154344,0.46357424206624903,0.08637322694998777,0.05316801763087953,0.9136267730500123,47.02340804636465,1.1365899032650921,0.9933131946571729,0.8282694721533591,1.2633895419154344,1.0347165350411374,0.9639642810428488,1.3987569508932394,-0.013036137496840985,-2.37350264917805,False,1
1336917,UAA,"Under Armour, Inc.",2300,Apparel & Other Finishd Prods of  Fabrics & Similar Matl,reference,SEC settlement 2021 over undisclosed pull-forward of sales (2015-2016),2018,2017-12-31,4989244000.0,2737830000.0,2238723000.0,2086831000.0,,,,27843000.0,-48260000.0,173747000.0,234063000.0,609670000.0,1158548000.0,2337679000.0,4006367000.0,885774000.0,1060375000.0,1987725000.0,765046000.0,2018642000.0,312483000.0,,0.032256382649009874,0.44870986466085844,0.005580604997470559,-0.009672808144881268,0.9944193950025294,44.60185751588818,0.9485032958885319,1.0309726037121207,0.81393452569244,1.0322563826490099,0.9302792016197312,1.1088675719333367,1.1248218653909055,-0.0704685816351822,-2.954703548959996,False,3
1336917,UAA,"Under Armour, Inc.",2300,Apparel & Other Finishd Prods of  Fabrics & Similar Matl,reference,SEC settlement 2021 over undisclosed pull-forward of sales (2015-2016),2019,2018-12-31,5193185000.0,2852714000.0,2340471000.0,2182339000.0,,,,-25017000.0,-46302000.0,181768000.0,628230000.0,652546000.0,1019496000.0,2593628000.0,4245022000.0,826868000.0,1315977000.0,2228151000.0,703834000.0,2016871000.0,557403000.0,,0.04087613273674329,0.4506812293419164,-0.004817274947840295,-0.008915915762677432,1.0048172749478403,45.86381767643556,1.0282938924706857,1.001269871538405,0.9939420866901463,1.0408761327367433,0.9099651957088324,1.004698801138723,1.0442836423430124,-0.15889952984931527,-3.1884188608311534,False,0
1336917,UAA,"Under Armour, Inc.",2300,Apparel & Other Finishd Prods of  Fabrics & Similar Matl,reference,SEC settlement 2021 over undisclosed pull-forward of sales (2015-2016),2020,2019-12-31,5267132000.0,2796599000.0,2470533000.0,2233763000.0,,,,236770000.0,92139000.0,186425000.0,509031000.0,708714000.0,892258000.0,2702209000.0,4843531000.0,792148000.0,1422009000.0,2693444000.0,592687000.0,2150087000.0,788072000.0,,0.014239238540510346,0.46904710191428656,0.04495235737399404,0.017493201233612525,0.9550476426260059,49.112232235683486,1.0708273912600375,0.9608442894169585,1.434106717236391,1.0142392385405103,0.9459584063753999,1.0091935606363076,0.8742117768887624,-0.08607191736772202,-2.616826328789444,False,0
1336917,UAA,"Under Armour, Inc.",2300,Apparel & Other Finishd Prods of  Fabrics & Similar Matl,reference,SEC settlement 2021 over undisclosed pull-forward of sales (2015-2016),2021,2020-12-31,4474667000.0,2314572000.0,2160095000.0,2171934000.0,,,,-613438000.0,-549177000.0,164984000.0,212864000.0,527340000.0,895974000.0,3222975000.0,5030628000.0,658678000.0,1413276000.0,3354635000.0,1003556000.0,1675993000.0,1517361000.0,,-0.15045474463142372,0.48273871552899916,-0.1370913187506467,-0.12273025009458804,1.1370913187506466,43.01529029981449,0.875856957455924,0.9716376309289614,0.8199407972710417,0.8495452553685763,0.9510823543720031,1.1445190143280048,1.1549862615049056,-0.1514802923213563,-3.6060760751191534,False,0
1336917,UAA,"Under Armour, Inc.",2300,Apparel & Other Finishd Prods of  Fabrics & Similar Matl,reference,SEC settlement 2021 over undisclosed pull-forward of sales (2015-2016),2022,2021-12-31,5683466000.0,2821967000.0,2861499000.0,2334691000.0,,,,486290000.0,360060000.0,141144000.0,664829000.0,569014000.0,811410000.0,3336299000.0,4991396000.0,607226000.0,1450176000.0,2902402000.0,662531000.0,2088994000.0,1669453000.0,,0.2701427838093873,0.5034778073802149,0.08556222558558457,0.06335218685217787,0.9144377744144154,36.54286134552402,0.8495319011175338,0.9588083296876003,0.9191733395821892,1.2701427838093873,1.0620543623622094,0.8463114957145245,0.8810346434202366,-0.061058870103674404,-2.6450885677523925,False,3
1336917,UAA,"Under Armour, Inc.",2300,Apparel & Other Finishd Prods of  Fabrics & Similar Matl,reference,SEC settlement 2021 over undisclosed pull-forward of sales (2015-2016),2023,2023-03-31,5903636000.0,3254296000.0,2649340000.0,2365529000.0,,,,283811000.0,386769000.0,137620000.0,-9914000.0,759860000.0,1190253000.0,2959586000.0,4857083000.0,672736000.0,1356891000.0,2858680000.0,674478000.0,1998403000.0,711910000.0,,,0.44876411757093426,0.04807393274246583,0.06551369359493031,0.9519260672575341,46.97933612438165,,,,,,,,0.08167103588717756,,False,5
1336917,UAA,"Under Armour, Inc.",2300,Apparel & Other Finishd Prods of  Fabrics & Similar Matl,reference,SEC settlement 2021 over undisclosed pull-forward of sales (2015-2016),2024,2024-03-31,5701879000.0,3071626000.0,2630253000.0,2400502000.0,,,,229751000.0,232042000.0,142590000.0,353970000.0,757339000.0,958495000.0,2863682000.0,4760734000.0,664503000.0,1165461000.0,2607448000.0,594873000.0,2153286000.0,858691000.0,,-0.03417504060209675,0.46129582897146715,0.040293910130327217,0.04069570750273725,0.9597060898696728,48.48028781389433,1.0319491890123518,0.9728336771904608,1.026725748328779,0.9658249593979032,0.9612585442274498,1.0506918681358934,0.8841131804972971,-0.025611176763919177,-2.579751473278528,False,0
1336917,UAA,"Under Armour, Inc.",2300,Apparel & Other Finishd Prods of  Fabrics & Similar Matl,reference,SEC settlement 2021 over undisclosed pull-forward of sales (2015-2016),2025,2025-03-31,5164310000.0,2689566000.0,2474744000.0,2601991000.0,,,,-185216000.0,-201267000.0,135804000.0,-59319000.0,675822000.0,945836000.0,2329097000.0,4300871000.0,645147000.0,1109143000.0,2410593000.0,595125000.0,1890278000.0,501361000.0,,-0.09427927179794593,0.4792012872968509,-0.03586461695754128,-0.03897267979652654,1.0358646169575412,47.76534135247496,0.9852528420589437,0.9626347866751621,1.1914124614465067,0.9057207282020541,1.01596023951106,1.1967664640931277,1.071668121938135,-0.033004477465146016,-2.7299345241740998,False,0
1336917,UAA,"Under Armour, Inc.",2300,Apparel & Other Finishd Prods of  Fabrics & Similar Matl,reference,SEC settlement 2021 over undisclosed pull-forward of sales (2015-2016),2026,2026-03-31,4966370000.0,2707512000.0,2258858000.0,2294251000.0,,,,-163112000.0,-495643000.0,109623000.0,-75088000.0,681861000.0,914751000.0,2718683000.0,4415694000.0,598953000.0,1676786000.0,3001334000.0,590609000.0,1414360000.0,309168000.0,,-0.038328450460952235,0.4548307919063622,-0.0328433040631286,-0.0997998538167716,1.0328433040631286,50.112912449132864,1.0491480020907724,1.0535814545192577,0.8061834810135085,0.9616715495390478,1.1240186880594527,0.9168712854518379,1.2958261554581352,-0.0952409745784015,-3.032791066430063,False,0
104169,WMT,Walmart Inc.,5331,Retail-Variety Stores,control,,2014,2014-01-31,476294000000.0,358069000000.0,118225000000.0,91353000000.0,,,,26872000000.0,16022000000.0,8870000000.0,23257000000.0,6677000000.0,44858000000.0,61185000000.0,204751000000.0,115364000000.0,69345000000.0,128496000000.0,41771000000.0,76255000000.0,7281000000.0,,0.01520157216483864,0.24821853728999316,0.05641893452363456,0.03363888690598664,0.9435810654763654,5.116808105917774,0.971781762924882,1.001883089285349,0.9568779312368335,1.0152015721648386,0.9725210614334435,1.0125131956057558,1.0000974016805604,-0.0353356027565189,-2.679507503602366,False,0
104169,WMT,Walmart Inc.,5331,Retail-Variety Stores,control,,2015,2015-01-31,485651000000.0,365086000000.0,120565000000.0,93418000000.0,,,,27147000000.0,16363000000.0,9173000000.0,28564000000.0,6778000000.0,45141000000.0,63278000000.0,203706000000.0,114280000000.0,65272000000.0,122312000000.0,41086000000.0,81394000000.0,9135000000.0,,0.019645429083717136,0.24825440491216944,0.055898165555100264,0.03369291940096901,0.9441018344448997,5.094131382412473,0.9955681895752405,0.9998555207018825,0.9319246056273303,1.0196454290837171,0.960889407362338,1.0029021780164407,0.9620901615382383,-0.05989514300020618,-2.7669820369371942,False,0
104169,WMT,Walmart Inc.,5331,Retail-Variety Stores,control,,2016,2016-01-31,482130000000.0,360984000000.0,121146000000.0,97041000000.0,,,,24105000000.0,14694000000.0,9454000000.0,27389000000.0,5624000000.0,44469000000.0,60239000000.0,199581000000.0,110171000000.0,64619000000.0,119035000000.0,38214000000.0,80546000000.0,8705000000.0,,-0.007250062287527448,0.2512724783772012,0.04999688880592371,0.030477257171302344,0.9500031111940763,4.257689834691888,0.8358029102648578,0.9879888418957642,1.1386689223606805,0.9927499377124726,0.9401910187722518,1.046368915528918,0.986840513200886,-0.0636082593032403,-2.8960214043708428,False,1
104169,WMT,Walmart Inc.,5331,Retail-Variety Stores,control,,2017,2017-01-31,485873000000.0,361256000000.0,124617000000.0,101853000000.0,,,,22764000000.0,13643000000.0,10080000000.0,31530000000.0,5835000000.0,43046000000.0,57689000000.0,198825000000.0,107710000000.0,66928000000.0,121027000000.0,36015000000.0,77798000000.0,6867000000.0,,0.007763466285026777,0.25648060295591646,0.04685174932544101,0.02807935406989069,0.953148250674559,4.383398542417463,1.029525097554381,0.9796938851566469,1.1502210062982585,1.0077634662850268,0.9235098605098605,1.0415016250951776,1.0048761016105912,-0.0899635357726644,-2.8344127550812157,False,0
104169,WMT,Walmart Inc.,5331,Retail-Variety Stores,control,,2018,2018-01-31,500343000000.0,373396000000.0,126947000000.0,106510000000.0,,,,20437000000.0,9862000000.0,10529000000.0,28337000000.0,5614000000.0,43783000000.0,59664000000.0,204522000000.0,107675000000.0,78521000000.0,126653000000.0,30045000000.0,77869000000.0,6756000000.0,,0.029781444945489843,0.25371994811559273,0.04084597965795464,0.019710478611672393,0.9591540203420453,4.095410548363823,0.934300294333991,1.0108807165570837,1.081411485645404,1.0297814449454898,0.9607207212844145,1.0154802870452317,1.02524574766072,-0.09033258035810328,-2.9133446511831607,False,0
104169,WMT,Walmart Inc.,5331,Retail-Variety Stores,control,,2019,2019-01-31,514405000000.0,385301000000.0,129104000000.0,107147000000.0,,,,21957000000.0,6670000000.0,10678000000.0,27753000000.0,6283000000.0,44269000000.0,61897000000.0,219295000000.0,104317000000.0,77477000000.0,146799000000.0,43520000000.0,72496000000.0,7722000000.0,,0.028104720161968855,0.25097734275522204,0.04268426628823592,0.012966436951429322,0.957315733711764,4.458150678939746,1.0885723485575443,1.0109277010038533,1.331392084613072,1.0281047201619689,0.9592769154572021,0.9784807319380456,1.0394223880295717,-0.09613990287056248,-2.697503367661665,False,0
104169,WMT,Walmart Inc.,5331,Retail-Variety Stores,control,,2020,2020-01-31,523964000000.0,394605000000.0,129359000000.0,108791000000.0,,,,20568000000.0,14881000000.0,10987000000.0,25255000000.0,6284000000.0,44435000000.0,61806000000.0,236495000000.0,105208000000.0,77790000000.0,161826000000.0,43714000000.0,74669000000.0,9465000000.0,,0.0185826343056541,0.24688528219495995,0.03925460527822522,0.02840080616225542,0.9607453947217748,4.377514485728027,0.9819126361985377,1.016574744852675,1.2137625427020127,1.018582634305654,0.9820176074786146,0.9968198676524114,0.9311566289176302,-0.043865620837649846,-2.5692095822944787,False,0
104169,WMT,Walmart Inc.,5331,Retail-Variety Stores,control,,2021,2021-01-31,559151000000.0,420315000000.0,138836000000.0,116288000000.0,,,,22548000000.0,13510000000.0,11152000000.0,36074000000.0,6516000000.0,44949000000.0,90067000000.0,252496000000.0,92201000000.0,92645000000.0,171571000000.0,41194000000.0,80925000000.0,17741000000.0,,0.0671553770869755,0.24829786587165184,0.04032542193432543,0.024161630758059986,0.9596745780656746,4.253484300305284,0.9716665277003383,0.9943109310596246,0.9466985259017953,1.0671553770869755,0.876318561695285,1.0016460333591686,1.031714581039546,-0.08936379190165389,-2.9137121555408885,False,0
104169,WMT,Walmart Inc.,5331,Retail-Variety Stores,control,,2022,2022-01-31,572754000000.0,429000000000.0,143754000000.0,117812000000.0,,,,25942000000.0,13673000000.0,10658000000.0,24181000000.0,8280000000.0,56511000000.0,81070000000.0,244860000000.0,94515000000.0,87379000000.0,161607000000.0,34864000000.0,83253000000.0,14760000000.0,,0.024327954345069625,0.25098733487675334,0.045293441861602016,0.0238723780191845,0.954706558138398,5.276610901015096,1.2405384688116468,0.9892844433508082,1.0171918956298889,1.0243279543450696,1.0647759167665867,0.9890439767930904,0.9418418276717891,-0.042914318386016496,-2.4081610684508816,False,0
104169,WMT,Walmart Inc.,5331,Retail-Variety Stores,control,,2023,2023-01-31,611289000000.0,463721000000.0,147568000000.0,127140000000.0,,,,20428000000.0,11680000000.0,10945000000.0,28841000000.0,7933000000.0,56576000000.0,75655000000.0,243197000000.0,100760000000.0,92198000000.0,166504000000.0,34649000000.0,76693000000.0,8625000000.0,,0.06728019359096571,0.24140463839525986,0.03341790871420883,0.01910716535059522,0.9665820912857912,4.736785710195996,0.8976947133404796,1.039695577289627,0.9706049875105373,1.0672801935909657,1.0342565995715027,1.0111468387918099,1.0447583064158124,-0.07056419281487847,-2.8478068229806923,False,0
104169,WMT,Walmart Inc.,5331,Retail-Variety Stores,control,,2024,2024-01-31,648125000000.0,490142000000.0,157983000000.0,130971000000.0,,,,27012000000.0,15511000000.0,11853000000.0,35726000000.0,8796000000.0,54892000000.0,76877000000.0,252399000000.0,110810000000.0,92415000000.0,168538000000.0,36132000000.0,83861000000.0,9867000000.0,,0.0602595499019285,0.24375390549662487,0.0416771456123433,0.023932111861137896,0.9583228543876567,4.9535814850530375,1.0457685418173734,0.9903621355457727,0.933675546577026,1.0602595499019285,1.0139778094890706,0.971584870795207,0.9764552137494197,-0.0800914425176011,-2.7765791587516575,False,0
104169,WMT,Walmart Inc.,5331,Retail-Variety Stores,control,,2025,2025-01-31,680985000000.0,511753000000.0,169232000000.0,139884000000.0,,,,29348000000.0,19436000000.0,12973000000.0,36443000000.0,9975000000.0,56435000000.0,79458000000.0,260823000000.0,119993000000.0,96584000000.0,169810000000.0,33401000000.0,91013000000.0,9037000000.0,,0.05070009643201545,0.24851061330278934,0.04309639713062696,0.028541010448100913,0.956903602869373,5.346483402718122,1.0793167365573026,0.9808591361835769,0.9177559271409932,1.0507000964320155,0.9904097072088787,1.0165157848423143,0.9785275035344032,-0.06520513911733244,-2.707154036129639,False,0
104169,WMT,Walmart Inc.,5331,Retail-Variety Stores,control,,2026,2026-01-31,713163000000.0,535395000000.0,177768000000.0,147943000000.0,,,,29825000000.0,21893000000.0,14203000000.0,41565000000.0,11172000000.0,58851000000.0,84874000000.0,284668000000.0,136083000000.0,107469000000.0,185051000000.0,34624000000.0,99617000000.0,10727000000.0,,0.047252142117667706,0.24926699786724774,0.041820733829433104,0.03069845182658102,0.9581792661705669,5.717879362782421,1.0694654658191745,0.9969655647521328,0.9511551881674783,1.0472521421176677,1.0323768381242573,1.0098924402775957,1.001582391683379,-0.06910506273975298,-2.7171165404518387,False,0
